commentary_id,create_time,delete_time,commentary_dislikes,is_active,commentary_likes,commentary_text,update_time,sub_commentary_id,company_id,interview_id,uzr_id
d5e87730-9fb5-428e-bc0e-e7091ded9b61,2023-05-24 10:21:36.120817,,23,t,150,usno7m7fh9n72gvytg9tp4k44ilvhdrrwuefhaijxiivhynxzsribwgfyxam3vb,,,c02c7cc5-d5cf-4c41-9a38-d1988e94b381,,0b29ed2f-d2cf-4e83-948b-b9cbd2f2a5b3
b8060974-52fe-457d-80b3-8c0077109518,2023-05-24 10:21:36.167804,,23,t,150,2s75yj8d6u9nuxlfxzemld7i98p4ihvvz6cqh0m66c2f2b16g1rbb,,,6ae5a94d-b0d5-4735-81d1-f855adf033b8,,0b29ed2f-d2cf-4e83-948b-b9cbd2f2a5b3
6a0f99d3-f5a2-4cf4-b809-054f5c4c915e,2023-05-24 10:21:36.178804,,23,t,150,cxjdl5i9extbceconc2w5my9euycrzznfl8o6u5jle3pvujd8vpxrxdq5355910uzseg6g8j9ksuljsfafo0haten25qkqdthfm0ntbzyycnat182djyf5o03gp2wp8cfpc8imn1jke3ucwfbc1uoduyao2igsfngib1b3bwwzz4drknlwi92jpzf6cduhtvlq4nivighayuinl2xin37rqby6ic4tay9yvt7w2c351u78z36cwfpp6egd9akwi9s9jg24bimwdomayx90llax4b8u1c42qonbhvn8zl9cp3dcnqtu16juf4zll9yq0r5l531w7xo,,,554a23ca-13fa-4c9c-932e-41cd473070f9,,0b29ed2f-d2cf-4e83-948b-b9cbd2f2a5b3
09dceb09-8620-4559-a434-b4fdb07b7928,2023-05-24 10:21:36.185805,,23,t,150,g1hvoxq8lhokr6acp6n7yy3qjkmckc1q4nmy8xkpyqrbrwir3fmo6lscep4o8755ovwmaoh2tc1dxyqfsjx5hhid96ngld2jmo1w47c3txy5yhlozeddwczronvpmy9w0v8r0qxwbryoo4cmy8csufq7n4gu4id8su9zd0ecnctxxhr4vicrztltdiag50nqoj09vekxxfvgduxorb3lbsshnzhav8e8gwh83zadxkw6afmkx6rmrl47td5p64jgi74p0091q7gy6tne7d2bu8p3nfm8wm5kkvdzmx465hkhwcswzbu48cikp9hvvrdyrgkraahy2d6mhc8nud5riyggivgjqeq7fztoyqcila3lnc8o4ppnbp6mr18ftw5rw2km422a5q7705fxchtxv6txskhjtdye9z2ish2ezgj736qj83obid868uko9gkwzxx7swl5jd1utost214l9ls1d9be5,,,2d2950fc-f450-4c66-aa1e-992f695afef4,,0b29ed2f-d2cf-4e83-948b-b9cbd2f2a5b3
4215cf59-d304-4ce7-814c-4f1d21f3ff57,2023-05-24 10:21:36.195806,,23,t,150,cyuiffdhfi79vahrio9fkczdkskxbs1eodett39pf3u737y6z4qlfhapfpme6f37x3n6we0iaqorzcf9uzltxezhvvwbczlckemr1r7x3hd2koimhr4xgs18mn7kpstivji2j2bymqrj1o1qyvvo9228evjek0xhgnojotm93zwyzca5b3kn79dvxl3oagbhug7wwxl67uc8qrfijz6cbhxqx8z2evkh90z7lggkct2759xn6bq515owpjz46iwvd5hvxabsczyatf8qk7i14d03e887rcvhrhgt976ah7laups0a7mpxuyd6xyugy5fhu1vkxt5xr2xbuhkbrd8kcb3asotf3ujpmr7n7zj4ql5eeykmrze46x9f8uplt9jizfx6fqm4rjlgfteh3pju1xjslwpecclovvj8xone0gu4ydzvfe82o7ktysxdhi2vp6zqiz6fwe60pxf5oa8j8ixq1b9js29z4hsfq12a,,,dbecc0b9-7bfe-4cf0-88e5-1a69afbd0452,,0b29ed2f-d2cf-4e83-948b-b9cbd2f2a5b3
e91b24a4-53bc-4168-8a93-597bf8eec9fe,2023-05-24 10:21:36.209799,,23,t,150,kuzeo463h7yrcdx5uuq90ztatnciyxvhs1u29knpq,,,,11b73c87-4ff9-489a-a299-dbede3e8d535,0b29ed2f-d2cf-4e83-948b-b9cbd2f2a5b3
cb225050-e5c9-4743-b68c-b19e578d9bc2,2023-05-24 10:21:36.209799,,23,t,150,365b932hi2k5lh6t7844jvsksdm9ffc0wwop2nkhfij3fvue0ymgy1du9pshfsn5y4tl4cwyteltii8kn1a5wmtkxmqiw276ow3gauhxdmhrcg25w1zbgmxgpd1xf0s0mprpe9ptxiw8v779863e42mhsqtff7mbomsqmujfrh5mkxsjib2pqk61ilxuahplv9nejfbdvo18b13r2hdyjangf5xrqkpoirf0hu9un3ftfv521k8cm3j2wjqx8mm4hjlqfuto51gyybmgmjyahjoos6sif5w4gukevnnz9vroqyu793c5aasuz4epag4ggol6v9nfdk558qhlib5ei4p6yaxh4v4l0szo0xyt3h9mvl0eu5xrt1i2wzko27tmcfjxhh6h66kzxa9swapliiqexhb0kenwh9xt0vodea2so5x,,,,11b73c87-4ff9-489a-a299-dbede3e8d535,0b29ed2f-d2cf-4e83-948b-b9cbd2f2a5b3
601ccb6a-7e20-4b68-8556-d9a7efe47708,2023-05-24 10:21:36.209799,,23,t,150,89pc6mf1edsnemrh61k0j2owczaclidxnowk69of9ywjzu7kf8oyrpubb68hwy3jw474bng9k1i58m4vhmuuwjb4vetehzcs34m2cgdqv2411m3eiq6ildducdxebn9rg9rt88mf812vea29gljo4wxefsz6710sof106orz99p3fm3dfnquvt8w7uojdhnoyi687206lmsp7jkm53aivjo2gwf3hfwy2l6urshh9ywkjwzz867eziqi7yxzyw9ekxmct927jz9yz120777klejwf7hfy2c95tujmdj9d129r,,,,11b73c87-4ff9-489a-a299-dbede3e8d535,0b29ed2f-d2cf-4e83-948b-b9cbd2f2a5b3
7e566e61-0af9-4a99-b516-b126f5e01c9b,2023-05-24 10:21:36.209799,,23,t,150,7lngz5rjtu0so7bzf7wq5vfpcm7izvenp36vaxmpuzudhnllxe6gnwmz1z3k1qh8reqsywydk0qlxzqipo1y1mb5m2z8wrwmvdjcvlqqtb3d72k9117p3tcmbaylr2ncg0,,,,11b73c87-4ff9-489a-a299-dbede3e8d535,0b29ed2f-d2cf-4e83-948b-b9cbd2f2a5b3
5aa23b76-30d5-4be9-85ff-2721bb659766,2023-05-24 10:21:36.209799,,23,t,150,rqe4zswhpga93gwj9cgjl44osvv25y84leqiyo2hoj93mydq9l9lxheecvmkf04l18wpj7llzxcu82d7ahq2r6c7rknyek4jgkmhgoyf6ek4vab6o5p5wk9v3lyc89h85xq9ea0j8lnjlp4zekgo5ppnkja6a3e2lblyubfz22ikpnr35nk5sixek15v1a4ccffc7e4t03pj04owdttdn3gcg8tds66rql47p3m9l98ok8oltrbsxxqpbbg2fzciekof0qe9q6n62zyjq4etrm0mjnk6ytrtgpfrknrzqi9zvl7489et3sqilw23tonombpk912yu8ol2qajmqjx2xetpx6zgc2oe7yqcm6autysfubsd,,,,11b73c87-4ff9-489a-a299-dbede3e8d535,0b29ed2f-d2cf-4e83-948b-b9cbd2f2a5b3
31739855-dd91-434e-8de4-1d67693267a2,2023-05-24 10:21:36.209799,,23,t,150,guhayf2qo88tykpk9pklzgqglu2dn4ktjb7suxh8g0k738ifw5p26zl27tnz1qhk26whl2l3afweg5q3dln2mncuxqr1eq17ilwnz6zidvcnltpx9yy34925kho1xcnhoybplufxv60kjaygkgame31vyy8ce9dbuxyqulleadgmhoa9bfozn3ef48ui2w0wh0fwfrwa0c5pchh00yaqppg1x128cx71l5c6rhpzfv52frm072qj0ntyz7ckp5o9ux47mdf1chu3epmtabni0vqyxbxnoi4dokj9d5jkrzftqwx4stl4yoy4y4batquoauxr7h528p8dqnm1d0lzizy0ccwzl18buyu1l302bbulayqnwj5sjy23plrw4ivh6qfritpmsx73f993frv4lf597c47wgangcz86mcmrq19lpmwk4dlga8hk4ryb22hys2eqr,,,,11b73c87-4ff9-489a-a299-dbede3e8d535,0b29ed2f-d2cf-4e83-948b-b9cbd2f2a5b3
b209923d-68f8-4b24-b054-3c57ac366ca4,2023-05-24 10:21:36.209799,,23,t,150,v0b6hfcymg2ll5lf0tf4rpxruxwz81mngu405llkzboumsa6xi70o9vpih656852ijtmn35y4t3xykgwlvxafrnbmq3dwmcst150y2iiku78n1057g1pyg5p287wejxzkdhrdmv8pa0dv4sfgo7jgfqppbq708abszpp2ywlbpiuc0igz9angc9tjb49eoqi48ps462ljj49g1mc5qba8sedur821w16capbrr3kcn3d1waly2yef76f7pfqnf8fe98y60xlbjfid8009ijltgn95bh1dq6ffzf5jh85c5g1nq7ka3uhen3r,,,,11b73c87-4ff9-489a-a299-dbede3e8d535,0b29ed2f-d2cf-4e83-948b-b9cbd2f2a5b3
adb73236-5a09-497a-9de2-ae203cab9069,2023-05-24 10:21:36.209799,,23,t,150,vtfn0rc2ficdzvvi39g7dznuzyg2oazqz15x98mo1pwsl6otvodomdmtbwt8ky7xg7mo2ci0wvb08ls2mnrwfwtezcxenxvdm4umirg8eu75bkn54fxejgndjmabvmpspwd0t9wcl8jrqkw9djee3qpk3dp7zana1i3rs3ppuini6scndtnoakv0yebqogp4abo5yskalj0yjxiu4ztcl58g6lv8o8kx87ts00hwq5wfnlzv121amytxdu5ez,,,,11b73c87-4ff9-489a-a299-dbede3e8d535,0b29ed2f-d2cf-4e83-948b-b9cbd2f2a5b3
57574d01-6774-41a5-b9f5-5a2bf14c4e7f,2023-05-24 10:21:36.209799,,23,t,150,g2umoah3fblm9xw675umii4sdm1hdi3ipbewbpe2v2ab1c27p9luzkk8dw89f1r1mzu0lj60ohpziwo1eaw3u4pqxuvjsjcq0v44aix1rue0jlare5xhnegwl2bjickav6m6ykka8qs0s8xxkltosqoc0wql7sj8u81aezqmzb1sqfgv1nw8aglhv5lciw8rmj1mka81ntv0vv42pbawy0cbx4b9vy7yq4uouw1,,,,11b73c87-4ff9-489a-a299-dbede3e8d535,0b29ed2f-d2cf-4e83-948b-b9cbd2f2a5b3
6e203a47-a04e-4905-b74f-cb343f79e1c3,2023-05-24 10:21:36.209799,,23,t,150,lvoc5x40vs3ibesfbu2k2fge3uotjrddg2m7nbgo8yfw5nugxvp1o8l9p6j9fe1q99ar5idjk2yu4l52myb0r3b2cz20mpov018m7je768v2gptxsw2sdqcirnfxhzn2c2gw9cbf3royusna0g8u9fnvy6gayi19uim3f79jvo3nwcmsdevqjw5fbxnx7xu3e01de2s0xyutkqvzx35knzdpozmy7wjdrevjx3vtembg13181zb8pmzmalyba7fh6crt04qyebv3rxwygtllivkxc3n6gq3537wfvzhr0a6gmep1navwpso2zs1k116lmvfg6r5xl6g9r47huq9dt8ttb8ole0onirhapz638k,,,,11b73c87-4ff9-489a-a299-dbede3e8d535,0b29ed2f-d2cf-4e83-948b-b9cbd2f2a5b3
c14d985b-ed88-430a-b9e1-74b0fd0f1abf,2023-05-24 10:21:36.226797,,23,t,150,sf2bketff4ctpzetbr07ddjl2jd1f38ueks0pkw3wotbs2favht7lk0gbo7xr8mq0by2hdpxqrfte5sysmcg8vq7ryxt0jmkpw3iyo8toexpfc0qiw9g408adq2iqzs6mk4kafuovsx83knlir0w5eqpywdvxi26q3ufzdqdzat1vref8ugkl1ldxrbe2by83o79bq103ziqha9lkyz89dwlcjsh7mkzn70sx2aq8kcdnlmy9n4oaich4915e27eaplg6d1iesg7gpb2wb2z3c4es9oiy5vw6aqjgbbkwwfn8wclll6ms7c6eey4ne5aohq0kkjtb4crfz0c73dhtb9jrliiapwufjjibgyzzf6thvj,,,,f42e7dcb-a2ef-4243-b32c-4b0c6698ab34,0b29ed2f-d2cf-4e83-948b-b9cbd2f2a5b3
d2776c7c-2134-48b6-9413-4e9875f5b7f1,2023-05-24 10:21:36.226797,,23,t,150,nphnq8rhuluxdq0rdzge8zro7xtmzqebgwfaf2ki0rxtutmxbuw479igkv5qjmo3g8385xuwt26m3qm9hb93s6ktixh5zp2r4o123xp343jfutm6e7pxb2wdcem6mdjyfgo0tm4hedqey2xo31tw5dnn3ixqg8b43xy97kbsf9lpb5kojyt50g4oq2ohicfmxfuyl0n7aumpqehsnhhzuxfym6o7a06b4drc7g3usdqh5lbq7fd06xt7nx9gar4bucbcm14e1axzym7qrslq49lr1gvr8v2rs7kts8p,,,,f42e7dcb-a2ef-4243-b32c-4b0c6698ab34,0b29ed2f-d2cf-4e83-948b-b9cbd2f2a5b3
03273717-3b0e-46a4-a05b-a952f3831a42,2023-05-24 10:21:36.226797,,23,t,150,w4nh46omunhy8z80z2ilqzoxx3bdv3uuaj0orrv4gst8b85g2826zndbj7426rcmng3gvmrrncgb3pdi1hra8axpr43et1i3ivqskfogpjcxe0y2d6c8j6opohw1sz0gcbf2rn35f8j8bb7h66nl5qrt3rflc33xl54sasfkowu5agxirym5nmi4g6w4cr3jo8bvnsxhpaagn121aa2c46wfa5azvxnpmpemd1s26jl4,,,,f42e7dcb-a2ef-4243-b32c-4b0c6698ab34,0b29ed2f-d2cf-4e83-948b-b9cbd2f2a5b3
babf55dc-80c7-496b-85b3-48a1db383fb1,2023-05-24 10:21:36.226797,,23,t,150,4yz41rigy5wewjevjb7rnvzg0sd2isq8n4ucraeju9h0k59rj7xqnngwyeteofuco0h091hxmtan167n0wkc8i6h9yvmkuspdjxtfxb361hsykikl2vgfwpor2t9no8xhosy4tkvyc43joocoo60nc187sdsgbtj78wktvrb6ye7x2u9k6etdctdcc7jw55op283x2iae0jtkmres9uuc76jgd5tqkeua696chfwuhghngwr2gm9docy675v7i0z2h9i42qeil8erwawxjur01zi1retfs5ldivzenlyjlvx7m7pdnb30cywj8cu5zj2m9rs9pyxzk2yw177e70vliuaricvl9vd3,,,,f42e7dcb-a2ef-4243-b32c-4b0c6698ab34,0b29ed2f-d2cf-4e83-948b-b9cbd2f2a5b3
a3d2c352-eea4-4041-8675-44ed0f4e4d6d,2023-05-24 10:21:36.226797,,23,t,150,qujdb8frckh3g008tohngudm1kxrhbjkrt49eqv59kvykqvx71tv1jwvrcixl2uem49yv74n1yy808n2l8j2st6mnkua6b8kno5csvcshtxj0u44z6vkr466zrd8935jr4ly7nxss6s0fca71yo5gx4oa3yuydpddy9ahldgmo07br9toxnxl68j5hqzph02tgorizanz8c8mh9s7vvfyl23xokp6rjcsya064u5cyef9g2827x1x9ahbyhawroq1tgr4fbz0qj00bgctm4lkqksrk4j8isdkpyuh7r9fj17y6vwdoxoow8cnhmweu771mv659sd6a,,,,f42e7dcb-a2ef-4243-b32c-4b0c6698ab34,0b29ed2f-d2cf-4e83-948b-b9cbd2f2a5b3
063a8bf7-d759-4034-8df1-4aca2c508cd6,2023-05-24 10:21:36.226797,,23,t,150,flpkxtg0mp3qupj7lqx5shrc38e4m8uzufxp21kjozkqmob267qnnndgxy7h5hcnyx87oyht01q5is8rfvl7wr3rkarasygrk2w6e7642o8lpa47wgua0q2vg1a2z1ic9o4v00pgk0wfox0e1euhqz6u1b8n0othv50g7q6e5hebtpvzdjvmmqr4j85oananz6czmnmexbkmo2qym9nftfsetnh520o5h3c6ehh,,,,f42e7dcb-a2ef-4243-b32c-4b0c6698ab34,0b29ed2f-d2cf-4e83-948b-b9cbd2f2a5b3
c68322f0-a20a-44c6-89e1-dae54042088e,2023-05-24 10:21:36.226797,,23,t,150,vh7i795kaqt2efefth1eqd40kjon2ozyxgo8p1rhyo1ka58sh67b2ta7ub1o26zmloylbihgfr764lrsee138ddnu8ynz1q08l,,,,f42e7dcb-a2ef-4243-b32c-4b0c6698ab34,0b29ed2f-d2cf-4e83-948b-b9cbd2f2a5b3
1ec323c1-c87a-430d-9f1a-f0f7336329b9,2023-05-24 10:21:36.226797,,23,t,150,7jhvm31frljz8xtqgrjy4nrje0gcb2e5ghh9mr86urwj0g2m9gppx3zwn24swnw2u06ulrdz1hnk38im21btycr1o43b23c4z0smai8l2kp2lx947azj94qmr6b0uerc9hkv6exy7rkh8bn6oejf79lsftk1jskoadpzcurhbbqohl7autaguk8ac0goi9huo9n,,,,f42e7dcb-a2ef-4243-b32c-4b0c6698ab34,0b29ed2f-d2cf-4e83-948b-b9cbd2f2a5b3
128b214b-bd61-4e05-b39d-1e2bfc6e0abc,2023-05-24 10:21:36.226797,,23,t,150,dhzrama7elv2f7cnm5iflw91j0vdljrmh916n3xcvd15cmqwe85dk8et0vid8e3dzkxssbqtf7t8djnu7hfwc08oo0qrwr5j3fuz4hd679l52s3q4jdid5hipx3lbt99efedje25ah7qk0zwy8e83mve80g9s4izsq3h51m0lt915cm3c2svqoyp42ui39b9wty4aabfji48q3sc7r1uai02dn5ws0ny6cqkui8b147ukmpe2pa1397m4zsnivfn82hydku07blf9fy3qpv4lzup5adb3ctkzlprztnakfh46paxzckzkrhm3oy46bgcdgb28omocfkj0xx00s0eguluvggnjzg8qujng5zjcxiu1a3txec2lbtp44bnm867mt82fd,,,,f42e7dcb-a2ef-4243-b32c-4b0c6698ab34,0b29ed2f-d2cf-4e83-948b-b9cbd2f2a5b3
e2707993-7dc7-4d64-83d7-29aa6c13a920,2023-05-24 10:21:36.226797,,23,t,150,bcvz0b9l0v94av3l6jeekvnpy7bo7hb577ja94cude70me0qf3gj66rdxs15ruwpclzg9q6az1zfuqpehd0g5b9z0v784r7z1nstsz42bhdfagzrz9vpxq0lict90a084pjtrhttcdcqump532x0nkoh0gbfqkkza26zg3qrzyd9nl46t0eklfu71ut32xywe72ht8q1wj5f3xnwzs60dsxl6fzdoi3cirq9l2hlbt6i87a2v21hqfu5z3p1p5uxjn0s4ww1bz5wtxatx173op4,,,,f42e7dcb-a2ef-4243-b32c-4b0c6698ab34,0b29ed2f-d2cf-4e83-948b-b9cbd2f2a5b3
b702db7e-783e-43b8-a2a4-f0d75bbb32ed,2023-05-24 10:21:36.239798,,23,t,150,n0ktoiz5qua90iaiulmgf1rtogvtkxg685nke1eu7co7s91cftzvfv3449sknxhrbpuppo3h8d1hph6xtn4mxztp2hyp7aem49ybpq8f4rhm8l1r2x9i6obd8qmsuurvjnmlxf3g6hdzwupokpf5mj3n45n3xppxg5b0u0ugovoie88pmhxuhzie1ft07qyewa7uro2aqtv5uy8hsz4imhgdk2t2hqf8yt1q58nf6j1cfcbu2xfvywtdrg62r8j41c64ww57htv523by1ta4xx9ybfp2c5gdbuhpffoe0r3eb3x2nmmhmjk3t5xc1195ne3k3qr32982pjtqesy3uj5iwtu8m7dm26j,,,,0520d996-e848-4329-b13b-501874007085,0b29ed2f-d2cf-4e83-948b-b9cbd2f2a5b3
ef3a4f16-cec9-40a2-a593-6193b5ed2df3,2023-05-24 10:21:36.239798,,23,t,150,oc0r3vbt9w7tlmz4sta9ci1k27qd69hlhyiufa28rdb10qgilsm5xmpaeiym532evb8kakty2z9wvn5d9s8lc4n9af2g5nt2iw35gevff113mx7k8ylv,,,,0520d996-e848-4329-b13b-501874007085,0b29ed2f-d2cf-4e83-948b-b9cbd2f2a5b3
d891adff-04e0-4afb-a857-2bca3c347645,2023-05-24 10:21:36.239798,,23,t,150,vuphvakcf6ptskwiwoga0q1as57lulhc1frkaffheid1gh2n798efak58oapvx45x5mqfv6d05oeffzi15fgvzy11jhf1vognkyxnqca9udfmmn638prfj0173loxo5wzts69y3dxlph4ii42vrhkk6xamp0jfeqd7eg2m570mfc6vv9cu8vmzc9ir6yqeoog2z95ucrqa3zkwz6ujs4owhqbfujj870e,,,,0520d996-e848-4329-b13b-501874007085,0b29ed2f-d2cf-4e83-948b-b9cbd2f2a5b3
8cafe3bd-9b01-4fc7-92a0-3d3c67b98d80,2023-05-24 10:21:36.239798,,23,t,150,kiv5hxv5lf9bax5wvm6ruih5fvts3sei7z3snhrqdv17fw7dma58r38a0q5woyoh2f6sjfvl8xhfs6et8gx7wg806vuadp8m0bfveslet2h0b7pwh7dnttdm4yhobm3xiyredmay9lwnx7nnewxata792xioufr1mxtxb3ix3gfiyb2xe27excjgo2o75x1ir0mkzuumfkxitx07d28h9dbgv9z16dp55ri7sr8d94vrwv7cgk3d0rc0u4givanpd1463y1bxegdpkugtb97s5vclhfq1gvz2qssgoanwf9ztwpcy0xgbaqt487swfqyk03jy71dtex3br3jb7su6tva03k2jb22j9p2jhj2hl90huy62gxptrsk8wfmcps84ml0ltht6tkdlzxc5qi735qm8702hbxr6ac2x3x7a1vbocctbdb7ew2455iwjnvo9ulg7vh3wqy360jydnh98fzvumym2sgy2ykm2xvyl0kzy,,,,0520d996-e848-4329-b13b-501874007085,0b29ed2f-d2cf-4e83-948b-b9cbd2f2a5b3
b57ca3d4-7ac3-49fa-8635-7b3c6f543295,2023-05-24 10:21:36.239798,,23,t,150,iu9q0w6ag672b2pm618hv5j2li,,,,0520d996-e848-4329-b13b-501874007085,0b29ed2f-d2cf-4e83-948b-b9cbd2f2a5b3
e9deed92-721f-4b7f-8f44-9eefff7ce8f8,2023-05-24 10:21:36.239798,,23,t,150,jp0ytly1fri3dji4kq99h3y3sbuasam9mimoeo1t56xhkiymlyzeqd0fbnwrhx0sxzxhfj3vtiuivfe8hkkwr6s,,,,0520d996-e848-4329-b13b-501874007085,0b29ed2f-d2cf-4e83-948b-b9cbd2f2a5b3
ba4dda64-2a1c-418c-9ab4-46e66981ea59,2023-05-24 10:21:36.239798,,23,t,150,xx2qgogmenptmaldrz6nfhfm3bjvesdor1sapma6fiafdhuq6s78uvo58k2aidg89gp49mf8slz0zk7mb22seja0jzc67rniy5z4q66wbkyg87f2ig71i4gnhrkj5098r98ue5cbq69n4i31i25diqq6u40xcn3tootqjvc05w6l0qajoay5zt5m6vy3hgvykdybz0f0,,,,0520d996-e848-4329-b13b-501874007085,0b29ed2f-d2cf-4e83-948b-b9cbd2f2a5b3
b1c90905-d4b5-4265-9ada-52ad04742c17,2023-05-24 10:21:36.239798,,23,t,150,pnt6t4xfq9571smcsjziidx0kryt0kxvm1ggs1idelkgysulenj1z0sc2sfprvporkih476wfwv9rgr452g5awmz792gdxbri4jxfnhs0summhju6kpqji0aq6eca1gmyxakar0aqm1vmlk3h90omtocozsv6oq11rha6yqmwykkgb6y95r4bi97cf4c9pfxjaa4h9343gah2drh7w7wi3j0zwq7fs3uph6slrfrjgsj1jlx69ry7n7yks208i08jysco9v8n6ad1xktvil1u84zkx7zoy4ao3ebouii0ygm2o2jqxbpnmaku96tv5elcdmhnm0bpg2943ln97iui169rtn8pmr1x5dfjqyc2b3n3nsfrcuxfyihnxqiztlxodrjahrkkd05kr7l6tvcmlcsc1iy7f22vejz6cr1jgl0x8ndq4kl7c4ct9lkavejmojlemj46iquvhb5shjfmukz8dt8tqzls,,,,0520d996-e848-4329-b13b-501874007085,0b29ed2f-d2cf-4e83-948b-b9cbd2f2a5b3
6b584bd1-940a-4366-abd3-7e6b08b5f627,2023-05-24 10:21:36.239798,,23,t,150,pvqfxc2tqhjqj70aiy0caypcavafrk6a6otkv2e2ewzcf79axi7cxoik2bqbls8n9clwpejtez4aobj1qz06yeo3faq1d00h,,,,0520d996-e848-4329-b13b-501874007085,0b29ed2f-d2cf-4e83-948b-b9cbd2f2a5b3
a8c3b6b0-c16a-4a81-aa80-7e9dc12f9a7e,2023-05-24 10:21:36.239798,,23,t,150,wtz5wh22yrt51zav1s03c97fr4904pz16py9njluu2cahlrldlhmtxy3eu09ydjpw1h4b15t9fvkhg6om8afvrhqnydgccnohdzzqokkpo7qfhwcwu5czgg3eikqb309lsc0mvlndfzc7n10bdaz0739ww6yemieoklhfrr2x7k3qvxejnfbopepn2u4akpxmwla38wol7pl04sccqfl35hrt7lwr5dz8sotgpai29,,,,0520d996-e848-4329-b13b-501874007085,0b29ed2f-d2cf-4e83-948b-b9cbd2f2a5b3
fbd5d778-6202-4af0-a9f1-d65cbbc342dd,2023-05-24 10:21:36.250963,,23,t,150,6n4z3r887dmyj0mmrs1702new6s4j8zvmn71fipjcn9ibaj4fspt2blgerv6b29zmzl9lgpprwn4z1zm9vhjzx3scokdri59ohpiznocgukckgzyi5tg4sjep1qcfqqjq,,,,d35ee0f0-9c66-46a5-a6fd-6fdc8de7e107,0b29ed2f-d2cf-4e83-948b-b9cbd2f2a5b3
da37e248-a7dc-43a3-ba19-c8622b66f8db,2023-05-24 10:21:36.250963,,23,t,150,y4v55u7nsnk4iyuq1c42qiqudzvbgv8tqk8q88rdyw6p5o93d4j1zgnzpr44wb86wtiv22u2w3e2zqmmmoexnr45artfads5w7ikjgext55g11up6e4c9hgunsyt9i1953zpy28m5627y11bic53rstw65ch1ezut0t1fs328dper2rcnqd1151aajq0whqk3jhd4axz2m6ar4ng3nxscxcwjxwav7xvf3hl6gsvrh2373vr3fohfyw6hv2fc8p85ds87hdpn74kffdywzykb1vd525y7bi1tgvfvjwdi8w2qby0serggmfjxlsrfqkgb089xsknwnvt0h58htoipliuu8bg172crmhwyqrfh4o4ur0g9ewha2cpwoavdwe9hpxxez3eij3wwf5zywfe4c3gzsa193a7xylfbsl2xt0otnxq35mtvttjvxadsh3ef7now9w,,,,d35ee0f0-9c66-46a5-a6fd-6fdc8de7e107,0b29ed2f-d2cf-4e83-948b-b9cbd2f2a5b3
156a6d09-84bb-4482-a4ce-ccbe1c7edb8d,2023-05-24 10:21:36.250963,,23,t,150,zaghukwnvxwmuzvr9ijo0qknnn6d,,,,d35ee0f0-9c66-46a5-a6fd-6fdc8de7e107,0b29ed2f-d2cf-4e83-948b-b9cbd2f2a5b3
ba26e190-d37f-415c-8763-3d85e5557e0b,2023-05-24 10:21:36.250963,,23,t,150,umu4difm258skxcm0herszq167pd4el0n1xdqq2qhpslny42y32qik2kxybye4pcsiiguddltl2taxl7ag9bgxxtbm7k1bt341ey0ehs6e4yno8kol1kfvvr0fsoajtkd2jggtpuvzyjhzpqse6m283uj4vm54cf5gbkfi6si7uw5wrsif6uamerer2fl72mq8t84u0hhluox1nrm46iedrqruv9uf1uqqt6woy6y2od91dfkcfc6zoacm1ak0756mbcmc2nbeuu0ppz4swy3qj8vejoc7hb6jf8bu9nls3nufav5k9e41kvlgccyb2ju7y4yfay4af4j,,,,d35ee0f0-9c66-46a5-a6fd-6fdc8de7e107,0b29ed2f-d2cf-4e83-948b-b9cbd2f2a5b3
977334b9-0156-4604-b1d9-b374eb0bf2cc,2023-05-24 10:21:36.250963,,23,t,150,oc50mbmpckiypf9snq6g6nf2rx4qz1kf5a673owsreyhbvpi4r6354v8p0ltde9n3sh6cnaktiptvynusbarqd53jev6fvpniiuhqz555zrdjn2b4y1qtp9hmvevb80uwepszfkp0y7rpxah0jhyvjgpipym35jgntub9ls6dr7h82097u0w2x2wuhuwirxevd9l7wo721u0wgn1yg4rkiddve8hxomfymybtsgp88vo25s0dkb1b6ns5dyt2x3vu719ghlyadvso8qb7360d18lrd9v36n3ft6r6uacigitkp6khdp5lnz5uzt82876y74cplwbxstz9sipy9goz4kfqymglpa8f29e4de56daynclp8grdkfw3eocvzm91yqj376xoah2eafs99h63eyydvxf4ccji2ynce8wvtt4iusy3h1l0vhfykmnxph8e4mpwd7vun06vrzkul,,,,d35ee0f0-9c66-46a5-a6fd-6fdc8de7e107,0b29ed2f-d2cf-4e83-948b-b9cbd2f2a5b3
d74b05e6-92d1-48a5-a684-bd05e92324af,2023-05-24 10:21:36.250963,,23,t,150,7iy62x3iog0f15s75xczzirbz5ascul8ad7izamqmpfopbp5j9w1bq5lqkur1k9z43mtf6dy42higtcznp8brubjtw68030t7m7f5gxlriyz7ekdpkrqkjnwucxrsfnhljz42waowou9q2uoh4b693uyzh0o2d1oj284t24utlpaj2usmzojr0np2jcnljfxlfsga3ifns7g1dcsiqo2dajmoyishb11,,,,d35ee0f0-9c66-46a5-a6fd-6fdc8de7e107,0b29ed2f-d2cf-4e83-948b-b9cbd2f2a5b3
336c1bd6-bf76-4517-a7ae-24346edb9aed,2023-05-24 10:21:36.250963,,23,t,150,qqmmihdqz9ehjv53tg5sviopd44jtrsdmmbdnoxe8arptzu6o1hv5741pkpibw9j84khvgmjsq58p6sgiy36zni8ixkzfpsg85z0c15p31zj1q6f0j9yqit58vtp89eatvhqlbhvtf815c5oic0mdbd2rm9sn9r7hkjib5cnt0mf3z4v4phzgbwhi72xehi1in7k44q4dls850s0ife8ziv4q8lv3somtkz5z74l78q42fxe3cdlnrohj3fnmf4bpn94cjpnnrsorjurwusnqvjep7igxq24ssfxr0y63hec6tbulol9r179vw0iewgd4oz1txnv9qkyttpaqejc7797i6z28e7aedzbp3nszvucg608uwxroaggim534cezqlakbme22ukqtmrtazlmp9hozmkuw93ksrznsihw5xy766inrd6u6uk21ouyqueofvkxn6807b8r68ifewjic27w37djyzo1k,,,,d35ee0f0-9c66-46a5-a6fd-6fdc8de7e107,0b29ed2f-d2cf-4e83-948b-b9cbd2f2a5b3
da651e58-5cf3-4c52-83d0-1fb89ad0f86d,2023-05-24 10:21:36.250963,,23,t,150,4lca6dz0aix8f5urifdl91u7vmy3klnajboskmu442gm4h9yqwgecka4b7cnrqc188l2xdsvfoexa38pzpmqwz3uckrbhazdx31c6c81t6vegmbcl79oysceof3qtmrgd5sg20gnj749j8asjxk9agnbiod93y5ls5wgq6,,,,d35ee0f0-9c66-46a5-a6fd-6fdc8de7e107,0b29ed2f-d2cf-4e83-948b-b9cbd2f2a5b3
190ec256-2ee5-44ef-a42e-488fa293382d,2023-05-24 10:21:36.250963,,23,t,150,8xskt67l7b8z17zqc2qw0wy10uj7cdovf403j29fjoveb6h6j8t4qku7ur8c507fqabhb3sx7yvedaaq33meoeqatfncfnz1lsmj0jmr35r28juwh101hvavbewie13ue3h0nxtwn1jbrzlmz1n1r2lunkc2pap7m9i0ffamcugfk7i1jn8qkwtj9pzgdng1qskfath38dhosirtn3bl4w42550gq8zf5uce5gykhwax2lz5the8wvr6fc3f78o7ft0gz8s12s8njrp2ohs6oo3ww7xc13tv8nv5yohtjp2pbeil8vmwkc60ig5sva7hgueqfhg10npvxiir2zmsn392,,,,d35ee0f0-9c66-46a5-a6fd-6fdc8de7e107,0b29ed2f-d2cf-4e83-948b-b9cbd2f2a5b3
a5078f29-88f1-4b30-b0d0-27273c78b41b,2023-05-24 10:21:36.250963,,23,t,150,knqbhqx8lwitmc99rspywpnwmjdyf856bge2ze92zutq8nl7nw0in4fka2fcrr2rmv835v7kyn4nebpp4o38cc55cyfepl5q3dkcu9glp3h3ldoar8axr83rkwg0tcmcf1bmzwgpv3i84pwc61xdvnt2jrepkzp7jfc8r4z062n7wb7jqq1rstpuv3paqhdh9ssn7cg39xej07pd0o94s5x4l9qjaozpvzp322t4sr5l1ls3u6hgodqiq444x2zbnxxwdggtb8f1yhaimg2ym30ig9vsq0tbrpnh8jptipdy06odyrjba0rncrkb2259hwkbeouo51l1r6q38ugenwrxz2ezcguublrhfhpygtdyyj87v659anjc7nhap6d4bw48wzjrvkhw9,,,,d35ee0f0-9c66-46a5-a6fd-6fdc8de7e107,0b29ed2f-d2cf-4e83-948b-b9cbd2f2a5b3
c2fc1f60-bb6c-4f5a-9f29-7464afe92428,2023-05-24 10:21:36.266605,,23,t,150,zii10pm65k8kelze349yozainc1sbx7q9xw6i2e13j264wey1s9isnpopiiro5dbv3g6g9d6mt27lhgolptmzyk6yh7ggo3ci015ol6deut5zhg1nvg0o8rym2lb1ojyx4b28ms10sbin6oxnx6e4lauyhrkx8w8c63vpw9ey13s5yrua0pmrp56hx2b6oeyjnsaurshn95tozp7zki20,,,,c33a2875-1e82-44d1-b384-594174635e8b,0b29ed2f-d2cf-4e83-948b-b9cbd2f2a5b3
194e76df-bab0-4358-8f3a-a249eb6a1ffe,2023-05-24 10:21:36.266605,,23,t,150,w5rfxk59sh36rhtost4ii6ub21vo08lrgb17hmp9c17g4asd3qb9unlt96ghpqsx3d6c571mp8b5qmw8k1vlgo2t4ts3dpqmyuyj65c3vg8da9xgrlksk5w0izuhd5b2ai9cz6rn6x47j3nlonunc6torzvkoy6hp6c2hcileilnd01nveaqtvnjfihc34cjkdmm0ksirjn7ms0rnnv053noa360ui11kgjr7mjjt5otfiwv2l,,,,c33a2875-1e82-44d1-b384-594174635e8b,0b29ed2f-d2cf-4e83-948b-b9cbd2f2a5b3
d2369ce7-aa83-40c8-a2a2-82d244bf6491,2023-05-24 10:21:36.266605,,23,t,150,ewk5jpee9oyt1r6biy29pwv2234ptnodj5cksq07e1iwdjsfvm0jjd5ttrsesm165t4mv683ti05supa6noxwq0rzeolsbbcxcptx5bp7fq52ml8uslqm8kq0uu81f6kqwhisbsyrjtwfm1msmt81zjl77jos4v4ugpgqsokfb9yklozzcjxnjb4hyv4rjaa6u9lmh9982z3fxvr0qex9tk4aeyukwmutup7cgy1hcdiedhnr636wzxot0c0a73u4tczge4e07fcc4ahkdyr3e6wjk5r481wzbsdn8dmapjttsz3myg3mfcoo5hrh01nujkc7g94u6w1tgvpp3vn18ylz4z3u1bo0h76ewboizd3lkrhjw8qsn1qhc5pw8xt5rqdzy3bvjs8fc29uyya8ekoqtp7w2ysney2e0u8sz70tnwgrsndnvnphkxi9hrlw09lrobfausjavqvl32czsr7zlft33ymxd09y,,,,c33a2875-1e82-44d1-b384-594174635e8b,0b29ed2f-d2cf-4e83-948b-b9cbd2f2a5b3
85032bfa-34e7-41a7-892e-fb28ec110ade,2023-05-24 10:21:36.266605,,23,t,150,6tx1phmzb0df63nfrdgrwmeyvd90vj4yg5xkbxxr05zzd6bq443fwv6vxhpmmgnsw7dye4b3suazt1vjtyhgnxbrc71utph,,,,c33a2875-1e82-44d1-b384-594174635e8b,0b29ed2f-d2cf-4e83-948b-b9cbd2f2a5b3
6ff91b9c-e7dc-4ef9-b54b-cc1f6f876389,2023-05-24 10:21:36.266605,,23,t,150,vzpriihzrd3wjf4lm5pjts6l454xot5w827hbzpj2sum89o3opsoasy4fpzzqyjn835xgux7cmig2rdv2wq6ds6yenin56r5qqz93tcwyro72cis183lglk1bdg9nzytmvz5v6uknc8m0anuww6a1bgbppme6de9t,,,,c33a2875-1e82-44d1-b384-594174635e8b,0b29ed2f-d2cf-4e83-948b-b9cbd2f2a5b3
bd012d98-6506-45ef-b889-8cb9ef482037,2023-05-24 10:21:36.266605,,23,t,150,rw3ar8owdqzfctfos0i2s7dmolgyt8qlbvkg0wr3cuhg18nxo8dh5pacxz2sqa2595v2rovqh7dgrtgyjmnq8s4sysg4930knfi629doboy9w3ob19h3k64pibeuevkddsa1wt09buq5mm55m2lw92y7zp4i6en4xpr,,,,c33a2875-1e82-44d1-b384-594174635e8b,0b29ed2f-d2cf-4e83-948b-b9cbd2f2a5b3
9aba1106-8cf8-4c1e-9322-e2c37ed5d0dd,2023-05-24 10:21:36.266605,,23,t,150,hppl4sndoyznl8cvbgwv7hinz88x5ep7lmq1cvqlyn9pb81eiwk8e8zbrdsd1ekeceao9fblo1vbvhi3i6eal1x0t9inupjg7rqenfv0nw2myr2c0259cgjqhgefgwgpdj1vzzcf9klxwwkxnopyz7srz2tavj6p500o98628e0kwy6gnkzvlcdxjvane5kv1wa45u3xvk4zjhifgiu773bd2766aefwohvv28in2zd39qqn6a7z8pg7mn0njb04vxsyl6mmtrlzxgsw1oph51xrhpcr041zga4w5atk0wq00c1quc0w6ce4u,,,,c33a2875-1e82-44d1-b384-594174635e8b,0b29ed2f-d2cf-4e83-948b-b9cbd2f2a5b3
6deaafea-de29-48d9-9843-bc9a63220efe,2023-05-24 10:21:36.266605,,23,t,150,3l6orhhf3t71h2gj44ad18nid8je7gpzs1gs2lcramvtgfwu2ly8cb6mzmr2jdaq8snjqo3o95wao9b6cqdde7ihjdn0okm4u1rmyqxdb0s8q2ncv0bbuc7hk12xxcjaagg4wzb6sf0lez3qut3v2yynm29hd3zyx5p2zifyssrko00iq7u88014uhkv175y3la4ecuvwd3n80o2emwa2bmujx6fmxp4uv1h2hhcc11iioh0qccr6b3memcfy0zqojg1wpj1j9k6dla,,,,c33a2875-1e82-44d1-b384-594174635e8b,0b29ed2f-d2cf-4e83-948b-b9cbd2f2a5b3
c884da3d-8f1f-4935-a08f-753ad7946a7b,2023-05-24 10:21:36.266605,,23,t,150,vrz0h8md6du426ruxekxysga53x27xy28a5bw5i9bp3p69220akgd58fb5onakweyed894o8aqsvuqmcxl5rl9rcwbwxkwl882gbt36,,,,c33a2875-1e82-44d1-b384-594174635e8b,0b29ed2f-d2cf-4e83-948b-b9cbd2f2a5b3
f42619af-a1fd-49a9-9e41-22cf416e8167,2023-05-24 10:21:36.266605,,23,t,150,yctd2pxexjv2q4yh4neff3y76mlicuabskxdxe6bvyhocika4ryuoa8292e8x3uvflpb90h2j4kajmkbra7pfthj468vek8qrfp0l8uhe4wr2y8cqc2ksjvt8ja3qqjflroz8i23gbs8f0bl8yf1nedsg42lwhfhovfdrizcv0dw8oin5b1x8cz,,,,c33a2875-1e82-44d1-b384-594174635e8b,0b29ed2f-d2cf-4e83-948b-b9cbd2f2a5b3
d6714036-4ed0-4133-b361-ad1489df3caa,2023-05-24 10:21:36.282225,,23,t,150,q9te5mi67onoe3ngz4nwmb5rfqyctna6qif93p89anhe201buaf5nvnorbwab9n01nn2jyu6lop09csmewriu6yjaxzpw0x87178408ywf35fmgkrkeolw7uy2dxmirmc4xpen9dnf8tiu4ydioh495ls7c2dxr9kjloe36maaawk4hro41aa2x958g888yaf8l1fhqi8ujypl388g60ryv5rxzffbzkd5io50nobsa7ww5dp71p8pzijt6j7r7kdftx58b5d87v1xg9ax4fo7845lqgjzm1l,,,,9e887f86-5338-4929-b4bf-cbf0a843c35f,0b29ed2f-d2cf-4e83-948b-b9cbd2f2a5b3
ad1f56b4-2614-4a35-85a3-e285a4217126,2023-05-24 10:21:36.282225,,23,t,150,t8nqecw22np9g8pa603hfipd53brjggl5ltxh6yp7pwr4349faiyzwn1x6k4fkpynkxpkms2biwbpiofbv9u2wiw5a6oyy1rzpjr3xn1o2fdu8e8ednet3os63jxz1s5vkethqla4196s2o00ropzbrzad9zfya7spytr234ik,,,,9e887f86-5338-4929-b4bf-cbf0a843c35f,0b29ed2f-d2cf-4e83-948b-b9cbd2f2a5b3
0ff49474-ae91-4548-b049-059c3a00dea4,2023-05-24 10:21:36.282225,,23,t,150,9zjfbu4k72she6lc0ep3b7kgj4l8s6lj2bonozqc5fx8ob9vevhznv67htqqmgljyzkckvcsdpb5bgim1ruy40lo5it42pd2bc0p7e5ilx98199yf6h0aqymiqjxknr0k9b85wbtdfsdnqsuyvax09hdd6gzfspwqnqohhhuj38g9fh3134k8en2ou7ksvdif20w8av31cbpy528cufvo7u02ml63wkra122u5psqi40wml9sft0pen0khprk73ef24gf87zrrph940n3nzkumvtjv8gqkpz22dfzetje96feehdoykv9fsr42htb49fgc53hjntttokygm8sjplw5832o5u1h1ikmdkekd74i7ivahvtr9i4t58yt3v91naet16qrz1xpqqvhx66lhi1lx7afgrq71tbkg1561iiu58fnlubzc5aff7covo2zaf6,,,,9e887f86-5338-4929-b4bf-cbf0a843c35f,0b29ed2f-d2cf-4e83-948b-b9cbd2f2a5b3
9cb6786b-a272-49bc-b763-4d1ad0aaee1f,2023-05-24 10:21:36.282225,,23,t,150,a5uwzmmsuxju3etm8zlyyds09hj1qb350t2st694ibu1ub2l5vwek38l29au8t7aufttfp06z6qc2sduo3kv30qhppf8eu4079n0xvah94ljmyrqp5x19htgaa5dj5pvsx4mcpr2j8g24zykrnyd5sl46q9ozfzikxrsyu8gaqz6z6lam785zdjjpi4tq7byk6pks3kpipt,,,,9e887f86-5338-4929-b4bf-cbf0a843c35f,0b29ed2f-d2cf-4e83-948b-b9cbd2f2a5b3
545bf274-0d2b-49c4-a96d-9fcc927d6641,2023-05-24 10:21:36.282225,,23,t,150,jwktvy7jyz6pma3845efwwu4ennbpzbh833gi0f6kaav1ep25arwq72zhzp6yep1arft2domkrk576519h7q1zt572vvnrndp7r54x5c6l7zc16v83xwjc6vm8o20e5ttf07rv3ualr4ftx3uvlkoyev4i0zqj6iyc4ogpim054p1c2dn5zclkxz2vzl1anuslxsyaiqswzx5scpbecwy8j65judgn4fby6i2tf4ywi2cr,,,,9e887f86-5338-4929-b4bf-cbf0a843c35f,0b29ed2f-d2cf-4e83-948b-b9cbd2f2a5b3
b1723e38-58a5-4fb7-8a4e-347561696a6f,2023-05-24 10:21:36.313467,,23,t,150,2dbihzhgcyqh2dfkq87wrr2zndfvertsiph11gednreijcdkpv9cuc91ou2lzgryxgcrb0jxm8w3qbgtt61ujf451so61mnj2hjxxebygsf0yq3b51494eur03u9a6xfa8jn9vumpwte94m29ta2vqk3hfbvn8ea8x7clj4jiy3tmv5fml25hzf5rpos0g948tlt6y2r2kkwo9korud16t8aqgt3p92qnrils8n4e1uc9n06webm6zdgf4pwi91,,,,edf26434-6805-4d5d-8536-ddd0b01ac738,0b29ed2f-d2cf-4e83-948b-b9cbd2f2a5b3
6f2585da-6af9-46b7-85c9-e52d05712d05,2023-05-24 10:21:36.282225,,23,t,150,rexuhus3k038i7apgwc4r7owfedo5ua704v43p2ahyjd2n361pvarudej8fup95baqrj6548l1pi24p22vtwiudthona4whgni5ll3bxpzball2a7mdmf8w9nq5njd3gq5u19lz8vy1ldj8ehjc1agmxbvb9p0u1vr17tj4b552obx8l38wox1fast4pwmh4qhrjis60yjihesjp8qof27nceddixn894xnycx90iyeu7ffk2ud6lzy7dv0snuqrfx5bvuwqpp1v67ljwiqu3lrnto9z0n9g9fuva1x0vwkyyz9mv0gekwo7n6aslz72lg6ouhawpj2tpwrgpmeqw178liemda2a39ro601vax3bgimnw6of2ba6px2x1vcg3of7bashd0sxyck9qajwvarxyloq9zyr5j6zxogls7sd9aw7,,,,9e887f86-5338-4929-b4bf-cbf0a843c35f,0b29ed2f-d2cf-4e83-948b-b9cbd2f2a5b3
5f31130e-2d06-4dec-9ade-f58c5fb9711f,2023-05-24 10:21:36.282225,,23,t,150,w6h7gr8880ssp402tbq7ax9r249t5howa2ux624vc0772m74hy3m33b45vtspg2omuwuv4l3r7retco9poiqzi4cgu3cl6jbfmu19hztvupozpnso40fj6wcbnp1thcvkn4cspq0a3cio7f5xq0ofnuzrpmxyyt2fk3p9jtse24w64agif25elf565am4xuir2agzlh9xmuh8ai2i7qkl3fah5m8mqie4ote3lqrebsus3rdtdh3bjqek1ptl5a2h7kjtp82cidridbfahyqhncxjwnrk9yfo1cz4j6vli237qw7zv2ricocre9eosirgh4xgg2cc7tfrnn5v8js72riqs6jo,,,,9e887f86-5338-4929-b4bf-cbf0a843c35f,0b29ed2f-d2cf-4e83-948b-b9cbd2f2a5b3
029a924e-8402-4ff6-8bd9-c1232973335e,2023-05-24 10:21:36.282225,,23,t,150,dc14wqu5mrxi1qd0kti87drt1z9h6u1zwsrg1564nv0y22yhfs8l93rtavcphfb7n16p1r7680gsod91vwlaeeaa2qwtoxdmuuiqb06m72zncvu6hjlkgud0sovpa9bql8jzgzqei2gohxjrl4ot92sj1u3j3b64ztt5mdw9umzi3r1vbzy1lr6u522avuacy7gfbivumw89r9r8bg7ee9zr7airbz22vcgpm9sbg37ygqv0krwvyr4kdh5ga56dlqeogo6qezsoyr1kfdb1c6tz1rps4prrbsswvoepdczg2bqgo85axdd2gccs6ztr8bfv6kvut2odmr1kzemuriluexgrvb30h5fkhi6u6asfsnnkre3kgusby0s6zkq06fh0t23937xrwr4ousq4487xinbsj79l7m395m93i8w086bkiooihqpoc1jh1bxsndi2x8w4tj9qilsk7zqwd1b,,,,9e887f86-5338-4929-b4bf-cbf0a843c35f,0b29ed2f-d2cf-4e83-948b-b9cbd2f2a5b3
04b7bac3-84d7-4915-a3fc-6995f1b0c6ec,2023-05-24 10:21:36.282225,,23,t,150,xy3q7lt1nk341klj0c0alv8zrjef7o8owyju9diovjo2y0cu9h682pnfw6p5b85i76ui52r1jy71vewrmvhbon0a4r0hmx1dk4yh1hpwbyaol6m8c3ezjozppqhwbndssymbguv1e537axlv7k2w7tmpvnipi5poffmdr9qr99cvsb55vavzciyowmx48wg9o3m6s9i481fj2kkfbp7476ur2k82kb20xmqz5aievhewlnf35xcy7q3eube32jgzs4ajaue7xdb1zd9yjuc9xq4ckx6lqo6zqueq9zcpvedmiq4oqxd2zdvf8pyi9drf6621sxhtdmj8y94c1otgroky9ftienv5iiygi2rbrrbq97q4hlnjtb8s47uohasg8t6dnkand4klln93jreszlu3pefoy97j9fjeofp5i9isli6whawqjbndsmnvi1jk94nnsx51b68shw9xf,,,,9e887f86-5338-4929-b4bf-cbf0a843c35f,0b29ed2f-d2cf-4e83-948b-b9cbd2f2a5b3
2ec6027a-8fd3-499f-8a38-ca6bbdbcdec4,2023-05-24 10:21:36.282225,,23,t,150,cm8dvzkl2osudpk1bv37h7cv8ru95sjklzq2hunyc003g3tgrqa0yitx503wmuzjxqebp8zldand1z57318a3g5aj0ce53czjdn08i1yt644rj05crdmpvq865u2a7u8jz5wqgo24djrgseyost0v9a2ajcdsqxudhto2d2nauczo2iehl1vi89cftqrw0shk6agxvtvv6sgcka59pcs2xdyp7s7ppc1ebo72hy53oyp78g0ldaea0sxk6v6cwlzq2j2aypdqsm32h9du0j3qdgnc9mkgjziciowk4h70rtxxmwuyf81zszap8lp2dl284pex9g7tcqpjd72j1ochlxt4sw0,,,,9e887f86-5338-4929-b4bf-cbf0a843c35f,0b29ed2f-d2cf-4e83-948b-b9cbd2f2a5b3
fa577e3c-6afe-42d5-bfca-aeff84e05485,2023-05-24 10:21:36.29784,,23,t,150,3ls0acyh49sxwgxbak1b8cwvx0560tt7k1q2va6ke2pqk8k436sq8u7jhw2cqycpynfactlvuqmq13ddbgh9z0i83dp0vz1pp20x17usx40vrwu9ntnpfiirsx6ineabmu0nua9ki4yiqlliuemhp852uiz5qddng0grrvq0ane228ozo58eatxuszedw5x9w749c2y64wt0ziak2kvzc6lwbln31mm21jvikfnzxfivt23wfnglsrp2yigzlflc7s3q1d7kr83tnqcdk0mvqc65yhjgr64kjf9cxhljhstm74jagxiit1mymfobhp9r0fsdxbly463nz5ubj9kxvh3n251zhpaj3kq8qvb7uuyrs500ap713xnabszlotpibvzu24b8vlinzzht8vcagt0e4z5oe3l20v1yew6f2pfzelty,,,,541c3bf3-fdd1-4d3d-9936-10947c4ba970,0b29ed2f-d2cf-4e83-948b-b9cbd2f2a5b3
2b7d0eb2-88a6-41f4-ac93-b70deb81e766,2023-05-24 10:21:36.29784,,23,t,150,1f3k5dqybdl357wf0y1yx6af8w6mt8jjv3g5svcwrwrjo9tbyzi9g58f6ho34bovn929bgmyv6ry8o0l6zmp0akt5kq9toxv759eemad7u8os1gwbjg1z5sqbzc3ixue6ik5hvfsf9v1a7rcheh4363dg69fhpnxt1g2c59wsafgsu7md2xw1q1ueberrgormuktqjzola977m2m5dzvxjia30m94id9rg52g939nh1s3gj6srv62j5ci5qjgorpzwe06os98jqp3ii0zeimxp88789nms4m7ek94aifeb8cc2a4cw8xih23fvwbnwdla5iv9dp45m4iam596lk0dfj5te2wzrmo8ih4nzhzbj2b5wavpuyii8vg1joe69gzhtwi02ypif97xbhbhf7l8mqrz8e17mtt2p8alpo8p6u2l4ec7sv4pbsbsdbg0vnimz9thtffw34b3hxqi413vex2z7zxjagnl2i5a43v4ck09,,,,541c3bf3-fdd1-4d3d-9936-10947c4ba970,0b29ed2f-d2cf-4e83-948b-b9cbd2f2a5b3
6e710c56-3d24-4c1f-a440-0c4edb3c3d76,2023-05-24 10:21:36.29784,,23,t,150,uyq4ipmbdggq7rht6jbs37u8of0atgjb5sk89cce4nsur5pqb7d6126f2ko48qjwyyvvv2rjmiae6thjx62vok5nholkg4zm9fnabkx6oauvoxvomcz1rwxj62hyik46q4dwmijoc90t6ek70u6hrykvrsnchnqmprzmgk0c3rx7o40pdr5ufhzw16gsi9dz6n7gwu3q9fwexgefnrvy3iac4wpzt6kyhddpewbmbtl16rbgprxmt2199vfstmcq60vbvql,,,,541c3bf3-fdd1-4d3d-9936-10947c4ba970,0b29ed2f-d2cf-4e83-948b-b9cbd2f2a5b3
e63382f8-e667-483a-bf2f-e8a425ea9e13,2023-05-24 10:21:36.29784,,23,t,150,fytligwfebp5m77ua3asuxl7apvfrw9sax6qa2qvgu1tpuef1q8qd7rpzfc0ttan12zkxdkxaghfnb8ksa7wuvi8iy3gdj6wuepacwx601f2j6thwjew07p5gn34w4n7z8qoydgnuepvfr3je8tew5tqrl0n2t6g29pgkmyasz2en64o0p9slnalcpa6ymubh4igy53hdrzaku5e4z9wk705gid1xgx82udtrk6jne28e5q4plda0ay6poejmdxcbhzej4c0xw5g4hz2ywtjiw54l4gx6tf5j07s31ax3nodisvg1zyz5hpce28zc6n5d0ijzriot4p4t40qkyje6lqg6k88tvd7ngayem0vo9athyopxy83w4gmr0ytxokn0ttithu4y92j9afs7n2fcxa97iqa601lj5afvempkt6vqwfbafjxd2xx,,,,541c3bf3-fdd1-4d3d-9936-10947c4ba970,0b29ed2f-d2cf-4e83-948b-b9cbd2f2a5b3
94b4532a-0e7e-4c3b-a322-80f573d57373,2023-05-24 10:21:36.29784,,23,t,150,xmuzt8267qk849p2ck1rg66t8qv0ptes9way914scz26if9si2olmhli60y1siwufrm7l49h381mhjf6wn1nqwc8krhjt0omqn5b18wtxqcjqj15pkgav7nnq2uu9qgvydoy66x4ta0vfppfis4p7mrno9ekx9ivkgfn22gez9hi5mtx6z6x88n40c027xh5z4pzx86u4r6pwisgyh6xca3yrche4p9x0avdlrdizmobkgeqd3ze547xb0d8zburypkxxgfuxsjlt9ksjsa7sd7lvpsrudlfmpltp7f850abauwzl461xn0q0914so8db2u6wwd5v6agd8k9mzc4kgg0dacu0wt5x9z3nbldsb7chenoyqwr15pjjnny8wbzd5,,,,541c3bf3-fdd1-4d3d-9936-10947c4ba970,0b29ed2f-d2cf-4e83-948b-b9cbd2f2a5b3
093f2903-a45c-4544-b0f5-134c51c20765,2023-05-24 10:21:36.29784,,23,t,150,1rvzwbpsclulue8a78aqbwl0be56ri2rfehzu136g6umpumxz4a3tb3cq0sy5sk6z19mzx6krl0yzwqinjmwjqp27g6shs4idwbngbo3e8gdybmc47nlmdbz4ne6rap4ebamr0wjkgs89094yqyrawino9zenlzzxq7ztb64l1a6vl0iouqcoktthacrilzp,,,,541c3bf3-fdd1-4d3d-9936-10947c4ba970,0b29ed2f-d2cf-4e83-948b-b9cbd2f2a5b3
ca72765d-277e-428f-9b04-8dc4bde16a7f,2023-05-24 10:21:36.29784,,23,t,150,dziz5ihrv7jqmd2jo5ump06z2ileiszg7zvrxp37lzfltqje4d8plr2z0hg89ik7ymjm8edk9mq0d7dii0iuazk52og86tx542ppom,,,,541c3bf3-fdd1-4d3d-9936-10947c4ba970,0b29ed2f-d2cf-4e83-948b-b9cbd2f2a5b3
206d11f2-f91b-4b95-93fb-30164d0e723e,2023-05-24 10:21:36.29784,,23,t,150,gqbsfniqby25r8vt4i4pz7mmlv8lmo7krbo2tptoc4x7ee305magzb4m3dwvv1j4eljvsnb0dsfypk4jfwj8p3ryhz2vqyqac1c6zf59nu9o6rx8rtmduhgu0,,,,541c3bf3-fdd1-4d3d-9936-10947c4ba970,0b29ed2f-d2cf-4e83-948b-b9cbd2f2a5b3
ee662fcf-bf4f-4782-ac54-b228d4141111,2023-05-24 10:21:36.29784,,23,t,150,21lsanyxxta4xo15zfje6fkiafc92af3zuydxagi4zxntd4npi2q7hnlqe9a9l3x28f82ll4m54m9bkeqyyy1uj37yr013v73pfylxxvndfxrvgfk9y7zqt4lsc0zywl1g5yj5mbrdqr5xhj5c4n5cwzrnf5m45rqdz13ypkistsqsy8x4nxg1hefqnry1kws8c2t0klzecdjtrz6kravcv8z36z8fdak2klp6n8vbkpmwu420z86jbwcy6cvfhje5e7splzqf785ksuvch7l3pkld9brk40x3gvl93ory2vvukzv08yxf46kti3cc5trnh9hx81s1phdyfe218xpt8v7b54r4cemhleamhvbzlbi3seymp55m3bvednb8in79kiusly174kqq55l6bpil6yguwkc33wlkawcm1eebv59aqdgbutazfwqr5p2yulakzg1113lzfsshw7rwi20cyhg1ck6po2sjjib4cp7h,,,,541c3bf3-fdd1-4d3d-9936-10947c4ba970,0b29ed2f-d2cf-4e83-948b-b9cbd2f2a5b3
b44b09d5-e63f-4766-8dc3-79c350985c13,2023-05-24 10:21:36.29784,,23,t,150,ousmvtqzrp8y5ftdx7j468k2b41iccml7nq1pc719r64v3p4fxxrja34vsy0v0rphb1tp21wrw7blwvpatqk7xwx9xjikb3kqf2h3wmcebuceaewzqj4kzntlt9fpgqwvmpxze495tw6542p1go6kqk1bb8j7x8wgltn1fycgwtybfb0tcx3snsjss0rjg537qn04d078zc0c719qgdmwxegs2wn39ajeriyiyrn4ief03hc0il84iiwavti42li1zb9975oserzjlpy0uo5k4ccyze9e10u7zecnrg3timxlz7hxef4ksgylsc35jaq0duw6wri36osuayqkkepbiufy0f5wgradnhkz4ie0z5muqi58341jmfshmfqxcnp,,,,541c3bf3-fdd1-4d3d-9936-10947c4ba970,0b29ed2f-d2cf-4e83-948b-b9cbd2f2a5b3
50730811-b43f-4e8c-b88a-ba11aaab24f5,2023-05-24 10:21:36.313467,,23,t,150,gh47r4wpy4j9ozomvybjqzjvevtddym7ksul0uo64yu4qo1um7az1wkd0th0l54y74ys2b6famvc929hrajii9opkfxukyfyenifnehyxjrmhbbw6zw3hvnp2oxwrsel23ojh8yoto0xmvw3murvbuuqko9h8k924byz38gdpo0d9kjapc,,,,edf26434-6805-4d5d-8536-ddd0b01ac738,0b29ed2f-d2cf-4e83-948b-b9cbd2f2a5b3
848505bc-a2ea-4b1c-9f57-a00b512f0780,2023-05-24 10:21:36.313467,,23,t,150,of5c88ntq565wzfiwyc8pik9vh8911j39p1azzl1ymlyouvn90txk4hdmzk9oq94cd64j1i1ylqrrsvcnjegi7omnl74r6hcp48lg2vloctwvus7gjdsjzralhuxukfngxaqe9ztzi5bp8xfrebqvz0bcjxp0bnwy44648ehs0z1thtc9mwilwi7dlfcnsupmxcis58d5s3kr7a1gi3r7yhxbdxkt2ah91stsxxde8k4fko882p1bxakvaqkz7xwufskqf22qnrs0510sr5x347q0ogql1qqevaekl9yx2jhw5ep8kk79piqf41rvhli8msc7l0y4syryi0rppq6i6u0ndtapzq2w7mtr0m76h2whmyq27i6qbr88fpfr7ytr2daw13vz5rra2gmrhuctqtljrtzlgvbcb5m6afbcduu2yebxnvczyct7kl27sv48zyi1t6clcbpvik9zlctvakngiozch5,,,,edf26434-6805-4d5d-8536-ddd0b01ac738,0b29ed2f-d2cf-4e83-948b-b9cbd2f2a5b3
e523be05-e6aa-4e45-992e-b4cc063b3a47,2023-05-24 10:21:36.313467,,23,t,150,cbhhns2ttmyozknu677t1jccp2qw3ymlo24wjn5izpnpj2jitoumf7sqtp9n3dp4qvg3sprihkyu1z33zu400vhu655og9zxzagdx6k3u7rct4juzckjrxjd8ugvg0r6er53k1ps3guubl0daq3subrpo5ndtopdz73snr89zdqlvhoy2c5zjmfn1hhuhqhs3lid4kvquhztduhbf6xf4ahks6nd5pjpxx5ado5j15btpm5az90pnf0mcplfhn3elchhnjqwn3kh6y6d1wpchso711unh2y9swdtygm0hlnyuhziqgqtmvlpsm3yxrak9bu86wd52fnwn19wokd7mqk6okwzxqh21x8rb78bqrteysi670irp1z8uow3xbyeb4i1lphweb5sbjnitsqgvi4phpg5w51qkaxi09a59227aqpblgxrnne8u3o2w965rnlrkd2i8pdvf,,,,edf26434-6805-4d5d-8536-ddd0b01ac738,0b29ed2f-d2cf-4e83-948b-b9cbd2f2a5b3
0fc3e4c5-da6c-4ce4-8d37-0d6e1fb25005,2023-05-24 10:21:36.313467,,23,t,150,v0o57sri5snfzy37e609tw83tbietvqj5rsq7edgtvrcqgrnnz0iikebn00js8jdbzpoi5jk20f,,,,edf26434-6805-4d5d-8536-ddd0b01ac738,0b29ed2f-d2cf-4e83-948b-b9cbd2f2a5b3
1c2ee04f-38f6-4f6b-b5e3-92dcb94a069d,2023-05-24 10:21:36.313467,,23,t,150,h0utrvq5s40nht5zsxef10mlvuvtt6q1r3xod66m6rrhdjpvtfbs0ev3b9ui9r1i1d8t1olihibzx0d2dxxabxp6u9909mq8n9zcbx70xh0f8lk4ykd35x7g06i3vj0nw0eh81jglq656bad0kks06df852u6ycv5hl7u4xua,,,,edf26434-6805-4d5d-8536-ddd0b01ac738,0b29ed2f-d2cf-4e83-948b-b9cbd2f2a5b3
f2bd5838-2454-4201-bd32-a152b278be1b,2023-05-24 10:21:36.313467,,23,t,150,lzrwsusbwhf0smqmwjvm5hdgwfzaxrgp5j7lxyi8uezzzpcsqskt4s2zuxafgiydiibrel2p2e2nrdc8r27e88x7dxrzunxxr8u4mrzy0qucnxrletm9lmdfv7ia63c5ihbiudm4k69ust48lovm05w4qarocpp0lg43xaajuu1xxy0oqtlhgdbtob2lox1a224lnvsaaad9uaj2jqwq9ft4aiwyv7f5jj0zx2wib5tv04kquox6shgpgrwtpsluljygihambwe5ehcbw,,,,edf26434-6805-4d5d-8536-ddd0b01ac738,0b29ed2f-d2cf-4e83-948b-b9cbd2f2a5b3
1bd0915b-ae37-41c4-aca1-f2d1e24d6ae2,2023-05-24 10:21:36.313467,,23,t,150,2n1p112hmndz8z4qgqj35b8b24gi395y9iyr7v4de534owcvcsjh2krtnhr0gl5a5nepoghzshsgcs5no5up42144mnrwr87q6qh5onfw0ju04rafflpckgqtgedrml5cc0mh6l1nr4iq4x0y1rlinx0uoz8syqvbvsplj6w80w8sadw77p3tmky387bck530w4x1m8dahi9v96fo0i9falb4q8ejgsfh4fi0fx8so34arr5fyue1mfxe8mekxdcsxqkfwilbbi9a41ia8q3ebwuswnuwwhtgw7fq6z488g4z94y4212o16n6866b0xk5qm0pg4gz5wipq58h801fr3jsusu4en7v5te7zlqxoa2jeqt1qugph90u5zjkp8r7bja4ymyhrvdt9odhgv9ksew8s3w2awgfj56eebb3helhwmc0e0akkk0f9i5fouh5cdsnybv,,,,edf26434-6805-4d5d-8536-ddd0b01ac738,0b29ed2f-d2cf-4e83-948b-b9cbd2f2a5b3
6bebc861-3f46-4e7b-9423-2a982accb721,2023-05-24 10:21:36.313467,,23,t,150,hr8tnu5xwgmr000anr3boggg878f0kg5tztxx3uajkivh63c,,,,edf26434-6805-4d5d-8536-ddd0b01ac738,0b29ed2f-d2cf-4e83-948b-b9cbd2f2a5b3
23aab4c7-895e-4c5f-be3f-7d1d086ae351,2023-05-24 10:21:36.313467,,23,t,150,jkq2lfs1mc888vmsm1njgxutv4k6qjzt8nv147xxaucnlgoimjhcjmaz9i04sy7qmtz1n0fz89zpxq9z5bf1uzgpj7lyzhaog45z0p3mvae99foijd7deuy7hgnldkpju72f0778fn5rhd19nx7d05eatsr04q9vpy20zqhg96o415obdo7ceticlfl8u8xsw,,,,edf26434-6805-4d5d-8536-ddd0b01ac738,0b29ed2f-d2cf-4e83-948b-b9cbd2f2a5b3
470a7ec2-1ca2-478a-883b-92e0c300cacd,2023-05-24 10:21:36.329088,,23,t,150,se9eislatoyylnl5xi5ddoxexqv56n238eh08edy9wll3l54zhkzqtyktpvl2wisx43nqz13b,,,,81f4fe9e-ba08-4c39-904b-d90f268af752,0b29ed2f-d2cf-4e83-948b-b9cbd2f2a5b3
9d5b6cec-625a-4c42-8016-8d5418acdb4d,2023-05-24 10:21:36.329088,,23,t,150,zrlz91tf6gl7yehljysrp6g0zb7yoy3tnbotn1huwoyhnn5mo6982hf64ossk30i9t8i6wdo5novu82sh7dent4u2jssj19f2exi964zai8ab5rzrkna76egarsveub6tk6iaea5ekxy1icbx2owhn98j8o860v4fqcerlrch602ufh0n0smup12uqws9sq5vd3ltrvic2xvdnmf,,,,81f4fe9e-ba08-4c39-904b-d90f268af752,0b29ed2f-d2cf-4e83-948b-b9cbd2f2a5b3
f42cac9f-4380-46af-9bcd-c914da251fa4,2023-05-24 10:21:36.329088,,23,t,150,eibu8v2euv6w9r1hrmcwcehee4s1vna5kfl9ox4zbivflmh2ri64nh8rdc9j3hmkfb0ns1c2p8naujvm1q05ebqwgm487agcuhl49hye1qhspqk753hjf81p99qqecm9l6c0vzvnqstn2n5rkxeejks1m2imx69hwuwr6bly8e4,,,,81f4fe9e-ba08-4c39-904b-d90f268af752,0b29ed2f-d2cf-4e83-948b-b9cbd2f2a5b3
b77dbfc0-14ac-4105-9ffe-39ba572f6715,2023-05-24 10:21:36.329088,,23,t,150,orgats6yhzvcn1iogcijk0pt2zp3n3ugxt77hneqjhdqytik7fr80hk5uwf1cfyjjgs2iq5gjn4gprn6hhymk9tdj7sk6k1dj20syjkm23far78mc09ddjjr5jqclwy3lf4c9wvh836jpoaf26eza8bgsorvu4ed8tbmdad2dex35c17cx3v7w00ri9ug7s3pt8fc8ujk4oapoo46ke6cuvv3lm7nixhpct2hv3x2ybt5zbcbf96q7fpstkl71srll0g4ngc7y2kvrfl4nif8udmmnxldfehgg,,,,81f4fe9e-ba08-4c39-904b-d90f268af752,0b29ed2f-d2cf-4e83-948b-b9cbd2f2a5b3
567eb808-e1b1-4fa5-bd72-7749961f055d,2023-05-24 10:21:36.329088,,23,t,150,wi30v3a1yh000pygnud8y1mrqoxeywxxbigz49pkri8d5uuzx5hxtc9oocrpwn82sw23mymz83pjonay2gxkeomz0ec21faprxcpkagas2759j6bkzz4fdpbl1tufo5897380tcqfl7okfydbe0dafkislhdg472x0j9gvfpuzxj576oqebgl5s7cyeytljno4vfqzig8tt7n3b8l6a1yduxmtuiywhv,,,,81f4fe9e-ba08-4c39-904b-d90f268af752,0b29ed2f-d2cf-4e83-948b-b9cbd2f2a5b3
7a982c83-58d0-48ec-b8fd-81050195c8d8,2023-05-24 10:21:36.329088,,23,t,150,dkvca7fqeq7gmjx5mu3ahtyop94vlhy4l2wjccjbi5w6243hvyu9edh9i9gcwv42744n18q492lndhet,,,,81f4fe9e-ba08-4c39-904b-d90f268af752,0b29ed2f-d2cf-4e83-948b-b9cbd2f2a5b3
46cb5160-6a49-4d7c-88b9-57030bae4d29,2023-05-24 10:21:36.329088,,23,t,150,swvfiu30335s0xqonfsxsps403tnmealt20ugxmwi91yrl0q76djax7ega1ukbresy357myhg1a6f41rjkw43oyzhxz4x1pge0upkxss6gzcmihrs2ss0003ps33rwvej30qi6v3k578ofbs2okagbt3hgdpoke4mgwbppk8hxvdv7zgcpicvfeewlxmq5hu474h5a2yav4w0e227acclujhoym4wv011eywehq6u009oxzb2yz7m2qe2vuhaz4o0c70c232qc0kqiuhaljp7qqj1i7axbwjq3bdcl18a2g42asm7hp9i1cfz437v4sbnbiicq1ka6ovg982x7a9lhqft4g4m2d3i1s1a2i495vr0oznvqhffh4xa3j8dq7nsdh41b9ifrjwmxwzebh48w0r8sh4cy9416tblu59yfnw32jh1hq78cx5ckwofcb4w0n0zfmywt2lq9texufyn0w5l2hcm6ht,,,,81f4fe9e-ba08-4c39-904b-d90f268af752,0b29ed2f-d2cf-4e83-948b-b9cbd2f2a5b3
91d1e7f6-4212-48f4-8c49-5cc531ecc2ec,2023-05-24 10:21:36.329088,,23,t,150,l5p1f9cmqh9ijd8qy6vq4j5okzs96grf6xbtk9zrypehp4pwehzw824huojxqg0m51mp3v7s4wcz5p02l2y0gjff9jm1kbaoqnazliclpr5m5t24wnbwgd4v4nxt20wlconqwqr90ifnoje0bxcws9594qw9q8v0gcsbqsbtqdrrhfgsxgvuw52k5ie5iptyxvq8tb5tast96uk9i0dj,,,,81f4fe9e-ba08-4c39-904b-d90f268af752,0b29ed2f-d2cf-4e83-948b-b9cbd2f2a5b3
c7f666c7-b55b-4fe0-82b0-d11968da2228,2023-05-24 10:21:36.329088,,23,t,150,5h5iog5s7cmch1n30zkdjdd6nzmjhaw8owwsl6ijtcq5qgqyqzvytyrwack8ih8kqmke3gfj7vjepl7o1te6kxzugjv09v7svsec7az3t3gewadgiv8leiy39g6ctslk58i0dngpwrb350w1tryaphuffgaztca01krn8o280cxdqitdkkkhv5dhx676ejed9fqgy9384wt9hiqv575v9sej4m4450utguzsaqkxg59bre57s6eszkhwi5qig0tl3ghyrm6fxyy2xr8o4rjndu6s6itn0bzddthg7foyi4n71ttgl9np7dxvxhckt1ci3pn2cnem3ya5800qop7h1z716rcd3lsmjdatfrcbxwsk9z36s667imzymqg92h738oz0guidn64267rg1s2hgb464wy8pnqbfqp0sqggeh7c2,,,,81f4fe9e-ba08-4c39-904b-d90f268af752,0b29ed2f-d2cf-4e83-948b-b9cbd2f2a5b3
4aca37cd-31c5-471b-a00c-9cf3ffdb74a7,2023-05-24 10:21:36.329088,,23,t,150,54g3s0yewd89onior3rn51wdbgxs9tkujetg3zba3f7nq6rzsg9gbe38e5xn1a6kvamq9j81j1g4x82aowfgjoo6tzpiceucgcilzz5115k3xl1vjx88smbp4mpeqzm0fgih8lvzy060mit3hetev87frn26f1k9masjipkr1mfg7vvmnihgv3mhysjrqtdayuzaaol86od6p7pfrbt11rub22cnzytp4lomn9hzhknmnbowf8c6pbh1ppaww5kc3pawvty42z29uywbe4y9z4h69yhd7q60rfmvr4njxq4aet85ktogmx331js38ki1wbz76tjs7fltbfyppit73rjc5ub9w7q6iet4d10677k28h916ny09yl9plibn9cxyy5zgzsmsv5y6207tkutdo9qetuxl3e0ysqjuz58st5g0nw0o8xlb4nazj3npjyo81xo1btwbj,,,,81f4fe9e-ba08-4c39-904b-d90f268af752,0b29ed2f-d2cf-4e83-948b-b9cbd2f2a5b3
f1fcf527-301e-4953-abdb-3a40da77b356,2023-05-24 10:21:36.344714,,23,t,150,ahopms2yrevac1dsv3lf6o5xjjz37002bi23fogu8ltxis0a3ofzsslphbeff7v4zfkhihjexiatuphgka50d71yeagqs2b8espvy7tpyj,,,,814bb82e-5f2a-43ad-8081-c0af62bd7440,0b29ed2f-d2cf-4e83-948b-b9cbd2f2a5b3
e2ba4130-a048-4891-9592-09f9147bdd3f,2023-05-24 10:21:36.344714,,23,t,150,dhntb3jmiht1557fcils7p55jsp0okmbhjv87a5n2u0c1mct7presyqxzcgl7paelndds36mzuvggtsqpg5hdfzp6lzcuje1t67exh8f9l08wumxmfewoz1nh4yltd0cej42zc5llxjfmmci4g21u6apelncjvbwjj64y84sest6e71yp9vizgzzjfrx11ztle5uul8d8yiqbz98oeyl7iwczz9g7rsaeomuewjzfg5lyhcdp1eo16xwb9u4diizk8xh4r064iyoc5agtshom6vwm81vbgl5nnp3ysf720mru7flj7flih8bcdnz4rcnpgf8gyv9p51yrf39rvhjt7t9xj7dd2dhsg68khap9emhuaqzpgaumknr68n22d74rbibkubanv6z23go2unib0sdmufcy0bo6kx56v6he,,,,814bb82e-5f2a-43ad-8081-c0af62bd7440,0b29ed2f-d2cf-4e83-948b-b9cbd2f2a5b3
5b5dfa5d-c848-48db-87ed-460707a20cb4,2023-05-24 10:21:36.344714,,23,t,150,4u8ttz1o8vasm15d447s73uck101nxbj1co61wmjskomr97mem73snqrm1q1qecu0r9uc46rzrs0p5dpsuz3es2pkbm6nd3xidsn6eoj2q41aoa26gbjp9r515mo,,,,814bb82e-5f2a-43ad-8081-c0af62bd7440,0b29ed2f-d2cf-4e83-948b-b9cbd2f2a5b3
499825ab-76f2-4a28-9eef-f641d3a2d5da,2023-05-24 10:21:36.344714,,23,t,150,9rs6fiezzwgx6q9s6bshryflqw7jpzbny5r9iw0n22tv0zp58mw59xj2sh52w506,,,,814bb82e-5f2a-43ad-8081-c0af62bd7440,0b29ed2f-d2cf-4e83-948b-b9cbd2f2a5b3
9498d53a-a1ba-4ce6-9af4-c09973edac02,2023-05-24 10:21:36.344714,,23,t,150,rlmg98rjno9ynvzx59xwokl6e57moh4i3vauwa1nayi51tpm3caybs81g39z7sb0pk57oy6dneydi9ia5p75m9cbx19jjk0bn9ile8nu7qr6rlgl5gd28eab0p7i,,,,814bb82e-5f2a-43ad-8081-c0af62bd7440,0b29ed2f-d2cf-4e83-948b-b9cbd2f2a5b3
05157c9b-ecc8-4972-800d-80b0b07a4255,2023-05-24 10:21:36.344714,,23,t,150,d3jjmd7uwmp9fiblwmwhgv5nnofqv24ijgxwfz8nnsadsaarbc2txemd8of1h7hhqsh7r4qvseq3epmg85szdhtmlgv45tgsvhibinzke6x8pvm3kb9t2p6wy5snnc7oskogupdzny5jtp05kxhmx2ldk8azctkxbe3ml9io7gow1eem3397pryma08b4s0nbdop4sbywq6ruf5tp1kq3ks7c0eb3kj18rn6a94urjap7gdkuvzh3e9kmy0fomxpmqzw4pho52o1hcm5i9tsgp7sosj8o92ddw486bm09p1ko3klenil70fliwz9fimdq3nlfcqevikov33bspby0vl1lh7ek5tvklvmgv7db7xnzlf5m33a2zy0g6r0clntrs4a1xcu1394g7z9n9jmmw8gy1ji6ib,,,,814bb82e-5f2a-43ad-8081-c0af62bd7440,0b29ed2f-d2cf-4e83-948b-b9cbd2f2a5b3
904d3a64-2a47-4a56-bdc5-f311c678847f,2023-05-24 10:21:36.344714,,23,t,150,za3mh985qeooh1p8zf2cw1v3dtdo7hzk8ur01k4as44qjyby225ivj9n56mafhlt64hn169hh0g2ivbvh82zw95hw88pivbvqzggg69hs8pwdbje6q4czofkj3ugnrblud8l70hj93thhj8gjkwszrejrehrvcuw8tawpapj8h8jyymlf3pblngxjb0qh34sn76soddtpic1zhhduhwl447z397uuvx4b7y6xj9cpy70509f0jbz6xgpz47ee1t6o8wd7wg531h2smyt2u1w4u7in0gb80fc3cs10f0s279ujrk9283kt0s8bmo31shz6u5qdlb1gozkbo6r6nw3bjfdswdc5fazv23pixrc5k8xv1ihol1yr6469rfa4jhndcnpmoqwf48nlp62iots9pnve,,,,814bb82e-5f2a-43ad-8081-c0af62bd7440,0b29ed2f-d2cf-4e83-948b-b9cbd2f2a5b3
2aa5f4b0-e05d-4efa-9faf-980f21892e73,2023-05-24 10:21:36.344714,,23,t,150,hnl4k1cgoqetxyjixx2os5wikecxwjjc794zd78avo55guaj5cpv6vshfm5imb8aavrf5mtn3sc0r0vf8ew6x3b4pyb3nk52x5s18l0to93tyramo6os9bi63539p7vqhwboe6gpjv2cppz1wohqe5k9kwpvpjoz536tf30zzjcqw8621o2b0mcwot464b6ihq3wb9iz1wyzbob61vrk7a1m0aut4u81uxqo2cuakavitvreg42k6585,,,,814bb82e-5f2a-43ad-8081-c0af62bd7440,0b29ed2f-d2cf-4e83-948b-b9cbd2f2a5b3
99bce25c-0285-4f61-b0ba-c3eceac38c98,2023-05-24 10:21:36.344714,,23,t,150,fs1y529z1t2nj6uo1ovk3x0dwx0jq2w16p5q3k3slalw73g6adjeasq0910sfsn7572si7xm9d9ztmlx856ch6yu957nmoy9zykfw9tdiskajmzq3pn7fvua4qlizgxylwhdyc58vsrrl3zks571zhs0okzu4n4ad7cporjrg487tly7qg934typbjsr3hrexkjqu62e9u3ih82gt36lrw7x8al1u7a5d6yhbh5mbf0ge4le1ih345yanhek6zlnzmbj15ablbl9sq9yvo7s74patmawerox1cv66gkcvx9d20svqufefxnpxbm5l5biyzkrrcqlqyuzak5luo6rlcbir8h7yf2bzoeabcy3tpwh6dr9kp89dyvxw34x2k1,,,,814bb82e-5f2a-43ad-8081-c0af62bd7440,0b29ed2f-d2cf-4e83-948b-b9cbd2f2a5b3
909cf37b-eeb8-4639-a738-1614f22a33de,2023-05-24 10:21:36.344714,,23,t,150,2fc34gbl834pjrwebm02vdej2mq1ppomhnrm4k5bbgt9onzxjf64abkffps9ec8t3pe6wcsur8hfrjb1c7r1ob5ybihyfrz8xwitz1wdfipkex6jrvjezd1nknqcmo2da6qan5wtb73p6czenv930x8yg0an4l5aalfgauil0qncjgm2gax0azhsy3qr51pzh14gpn191gwa11b4ettk38mori1wosgb03insol6q13ibvmrunep1brbe5cyi3s6ifx3ftao3lzeeiv3rq3u9ruwzx7tk8vxzlspdb8t1rl12ru1yf1a3q0n2a5cf5bbz4z1r0sbrfg6v1bt19rzukt1b425ehapndzfta02hv5r5ki9quajojh9zibars2taj063g9p39fq74rfc3tfnk0kx94x4el6l8psgifcmhv0u5urcca7kk2125w87n5qutbwi4ikpxk2ivrc0gtni,,,,814bb82e-5f2a-43ad-8081-c0af62bd7440,0b29ed2f-d2cf-4e83-948b-b9cbd2f2a5b3
