review_id,create_time,delete_time,is_active,review_link,review_speciality,review_passed,review_theme,review_time,update_time,review_receiving_id,review_student_id
21195f0b-300a-46c1-83f5-a55d739e2628,2023-05-24 10:21:34.402599,,t,https://s3.amazonaws.com/uifaces/faces/twitter/mwarkentin/128.jpg,FRONTEND,TOBE,Theme,2023-06-18 10:21:32.203587,,bde5c091-46bd-4d10-93a2-46c915537d47,ff23652d-5b2a-47ee-b518-13501a73121a
f082a82f-828d-48ac-bc50-e225cb2610bc,2023-05-24 10:21:34.418102,,t,https://s3.amazonaws.com/uifaces/faces/twitter/belyaev_rs/128.jpg,FRONTEND,PASSED,Theme,2024-02-01 10:21:32.203587,,bde5c091-46bd-4d10-93a2-46c915537d47,ff23652d-5b2a-47ee-b518-13501a73121a
3866cc8d-ff84-4432-8f77-608c3dffb837,2023-05-24 10:21:34.433723,,t,https://s3.amazonaws.com/uifaces/faces/twitter/snowshade/128.jpg,FRONTEND,CANCELED,Theme,2024-04-27 10:21:32.203587,,bde5c091-46bd-4d10-93a2-46c915537d47,ff23652d-5b2a-47ee-b518-13501a73121a
95d58070-3068-443d-94df-7ed27b04b799,2023-05-24 10:21:34.511855,,t,https://s3.amazonaws.com/uifaces/faces/twitter/jqiuss/128.jpg,FRONTEND,TOBE,Theme,2024-02-09 10:21:32.203587,,569d84bb-a80c-402c-bf0f-92deca10003a,4b013e47-d616-4210-bc83-b206417571f3
2d3e32da-58fb-4150-846f-4eb2cdd86939,2023-05-24 10:21:34.511855,,t,https://s3.amazonaws.com/uifaces/faces/twitter/mirfanqureshi/128.jpg,FRONTEND,PASSED,Theme,2023-07-27 10:21:32.203587,,569d84bb-a80c-402c-bf0f-92deca10003a,4b013e47-d616-4210-bc83-b206417571f3
54bba5d0-2092-4ac7-aefe-3cc5f006f1d6,2023-05-24 10:21:34.511855,,t,https://s3.amazonaws.com/uifaces/faces/twitter/millinet/128.jpg,FRONTEND,CANCELED,Theme,2024-04-22 10:21:32.203587,,569d84bb-a80c-402c-bf0f-92deca10003a,4b013e47-d616-4210-bc83-b206417571f3
a75bbd92-1d3d-4e1b-a9d2-2e9518e3d786,2023-05-24 10:21:34.6056,,t,https://s3.amazonaws.com/uifaces/faces/twitter/mhesslow/128.jpg,FRONTEND,TOBE,Theme,2023-09-17 10:21:32.203587,,7e6f13f5-d57a-479d-b49d-de57860ea0c2,c959af47-09d0-4e55-90be-3ce4f3d94131
78cfb3c9-96f0-4897-a9ef-266e9e919964,2023-05-24 10:21:34.6056,,t,https://s3.amazonaws.com/uifaces/faces/twitter/amayvs/128.jpg,FRONTEND,PASSED,Theme,2024-04-03 10:21:32.203587,,7e6f13f5-d57a-479d-b49d-de57860ea0c2,c959af47-09d0-4e55-90be-3ce4f3d94131
1f6e2f7b-52c8-48b0-84d6-6e8056234baa,2023-05-24 10:21:34.6056,,t,https://s3.amazonaws.com/uifaces/faces/twitter/_williamguerra/128.jpg,FRONTEND,CANCELED,Theme,2023-11-21 10:21:32.203587,,7e6f13f5-d57a-479d-b49d-de57860ea0c2,c959af47-09d0-4e55-90be-3ce4f3d94131
ee9d2d84-e19b-4d28-a60b-945be70c9ecb,2023-05-24 10:21:34.687266,,t,https://s3.amazonaws.com/uifaces/faces/twitter/funwatercat/128.jpg,FRONTEND,TOBE,Theme,2023-08-21 10:21:32.203587,,9d84d21d-fd26-41ce-baef-6124f8441b86,bbc7fa17-8d11-48f4-a16c-ec3624c0259f
edbf153b-30bd-4280-ac79-4a1f749fab3e,2023-05-24 10:21:34.687266,,t,https://s3.amazonaws.com/uifaces/faces/twitter/attacks/128.jpg,FRONTEND,PASSED,Theme,2023-06-17 10:21:32.203587,,9d84d21d-fd26-41ce-baef-6124f8441b86,bbc7fa17-8d11-48f4-a16c-ec3624c0259f
4ec71713-84e9-4173-a99f-9b696758c481,2023-05-24 10:21:34.702883,,t,https://s3.amazonaws.com/uifaces/faces/twitter/the_purplebunny/128.jpg,FRONTEND,CANCELED,Theme,2024-04-05 10:21:32.203587,,9d84d21d-fd26-41ce-baef-6124f8441b86,bbc7fa17-8d11-48f4-a16c-ec3624c0259f
05e91879-a027-4f70-8e6b-0d2d410da680,2023-05-24 10:21:34.781029,,t,https://s3.amazonaws.com/uifaces/faces/twitter/jm_denis/128.jpg,FRONTEND,TOBE,Theme,2023-08-22 10:21:32.203587,,00db3210-8bf6-463f-a535-434292f71568,a817ca03-db89-4737-baf9-37cd4c413486
bb858bc4-df73-4a2b-b925-092c44285c58,2023-05-24 10:21:34.781029,,t,https://s3.amazonaws.com/uifaces/faces/twitter/mvdheuvel/128.jpg,FRONTEND,PASSED,Theme,2023-10-03 10:21:32.203587,,00db3210-8bf6-463f-a535-434292f71568,a817ca03-db89-4737-baf9-37cd4c413486
50ed20d3-8208-480d-8b90-11c3d11f8b47,2023-05-24 10:21:34.781029,,t,https://s3.amazonaws.com/uifaces/faces/twitter/joshuaraichur/128.jpg,FRONTEND,CANCELED,Theme,2023-11-04 10:21:32.203587,,00db3210-8bf6-463f-a535-434292f71568,a817ca03-db89-4737-baf9-37cd4c413486
fb6a5b14-0f9f-4fb3-910a-36bacda49c4d,2023-05-24 10:21:34.859124,,t,https://s3.amazonaws.com/uifaces/faces/twitter/_shahedk/128.jpg,FRONTEND,TOBE,Theme,2023-12-20 10:21:32.203587,,dfd45c19-f93f-43ba-bf55-e9580bd91d48,453764d5-83e9-46de-9c3d-b049de5dae2e
a79f572f-11f5-489c-9208-c27657dd0c4a,2023-05-24 10:21:34.859124,,t,https://s3.amazonaws.com/uifaces/faces/twitter/justinrhee/128.jpg,FRONTEND,PASSED,Theme,2024-05-05 10:21:32.203587,,dfd45c19-f93f-43ba-bf55-e9580bd91d48,453764d5-83e9-46de-9c3d-b049de5dae2e
b78ea40b-9736-4fa4-85c6-22de2d68da06,2023-05-24 10:21:34.874756,,t,https://s3.amazonaws.com/uifaces/faces/twitter/johnsmithagency/128.jpg,FRONTEND,CANCELED,Theme,2024-04-12 10:21:32.203587,,dfd45c19-f93f-43ba-bf55-e9580bd91d48,453764d5-83e9-46de-9c3d-b049de5dae2e
cec67a99-1cd7-4b15-8dc7-a212bcd3708e,2023-05-24 10:21:34.952875,,t,https://s3.amazonaws.com/uifaces/faces/twitter/edkf/128.jpg,FRONTEND,TOBE,Theme,2023-05-24 10:21:32.203587,,d3e0282a-e772-4f8b-ae62-0bd7c5480748,311c7975-c5f9-4496-ae5e-3353e42ddc68
809964f1-14d5-448f-9551-9cafb11ce502,2023-05-24 10:21:34.952875,,t,https://s3.amazonaws.com/uifaces/faces/twitter/victorstuber/128.jpg,FRONTEND,PASSED,Theme,2023-10-15 10:21:32.203587,,d3e0282a-e772-4f8b-ae62-0bd7c5480748,311c7975-c5f9-4496-ae5e-3353e42ddc68
6c5fb4da-d945-4cae-a985-a1ec0bbbb0d6,2023-05-24 10:21:34.952875,,t,https://s3.amazonaws.com/uifaces/faces/twitter/donjain/128.jpg,FRONTEND,CANCELED,Theme,2024-04-25 10:21:32.203587,,d3e0282a-e772-4f8b-ae62-0bd7c5480748,311c7975-c5f9-4496-ae5e-3353e42ddc68
9cb2ad05-adaa-4410-870d-a9c1fa478e48,2023-05-24 10:21:35.031041,,t,https://s3.amazonaws.com/uifaces/faces/twitter/jitachi/128.jpg,FRONTEND,TOBE,Theme,2024-04-14 10:21:32.203587,,f9d6e71f-07af-4d58-9871-a66576ee4b13,ca989db4-d96b-4724-878f-0d6ee49178e6
4b308543-b8bd-41a2-b4a5-ec319af34ad1,2023-05-24 10:21:35.031041,,t,https://s3.amazonaws.com/uifaces/faces/twitter/slowspock/128.jpg,FRONTEND,PASSED,Theme,2023-09-29 10:21:32.203587,,f9d6e71f-07af-4d58-9871-a66576ee4b13,ca989db4-d96b-4724-878f-0d6ee49178e6
7af4f7c1-d7f7-470c-978d-3b75df4c9211,2023-05-24 10:21:35.031041,,t,https://s3.amazonaws.com/uifaces/faces/twitter/findingjenny/128.jpg,FRONTEND,CANCELED,Theme,2023-10-09 10:21:32.203587,,f9d6e71f-07af-4d58-9871-a66576ee4b13,ca989db4-d96b-4724-878f-0d6ee49178e6
7ccfbd0c-7bae-4f70-b543-2d392de0b159,2023-05-24 10:21:35.124781,,t,https://s3.amazonaws.com/uifaces/faces/twitter/duck4fuck/128.jpg,FRONTEND,TOBE,Theme,2023-11-06 10:21:32.203587,,d5e56d45-fe78-4720-9d7b-80fbb2c2a308,ac175c2a-0983-4284-9741-af82ff154e3a
9250fe2c-455a-4ab4-98a4-fd1d9c12e046,2023-05-24 10:21:35.124781,,t,https://s3.amazonaws.com/uifaces/faces/twitter/ryuchi311/128.jpg,FRONTEND,PASSED,Theme,2024-02-05 10:21:32.203587,,d5e56d45-fe78-4720-9d7b-80fbb2c2a308,ac175c2a-0983-4284-9741-af82ff154e3a
9a7fb74d-4d1a-493f-a460-39253325987b,2023-05-24 10:21:35.124781,,t,https://s3.amazonaws.com/uifaces/faces/twitter/carlosblanco_eu/128.jpg,FRONTEND,CANCELED,Theme,2023-10-18 10:21:32.203587,,d5e56d45-fe78-4720-9d7b-80fbb2c2a308,ac175c2a-0983-4284-9741-af82ff154e3a
482d723c-a81d-43ed-ba98-a4b4f77fe911,2023-05-24 10:21:35.202904,,t,https://s3.amazonaws.com/uifaces/faces/twitter/igorgarybaldi/128.jpg,FRONTEND,TOBE,Theme,2024-04-30 10:21:32.203587,,babce029-bdc5-4932-8fe1-5c6c3e0c204e,c048f33e-afdb-437c-83f9-5cc909e77373
5a70be75-fea4-4c60-af75-64a6c175651d,2023-05-24 10:21:35.202904,,t,https://s3.amazonaws.com/uifaces/faces/twitter/mashaaaaal/128.jpg,FRONTEND,PASSED,Theme,2024-05-05 10:21:32.203587,,babce029-bdc5-4932-8fe1-5c6c3e0c204e,c048f33e-afdb-437c-83f9-5cc909e77373
fad0f94a-ff1a-4df9-8612-7830167f0add,2023-05-24 10:21:35.202904,,t,https://s3.amazonaws.com/uifaces/faces/twitter/kaelifa/128.jpg,FRONTEND,CANCELED,Theme,2023-10-05 10:21:32.203587,,babce029-bdc5-4932-8fe1-5c6c3e0c204e,c048f33e-afdb-437c-83f9-5cc909e77373
5f491ad2-e880-453a-8703-5e7edb120cd3,2023-05-24 10:21:35.293821,,t,https://s3.amazonaws.com/uifaces/faces/twitter/ralph_lam/128.jpg,FRONTEND,TOBE,Theme,2024-05-13 10:21:32.203587,,b5686d8d-52c3-4526-9839-0530597c8e91,9dc57278-cbda-4d77-8f94-020145747bda
024c6695-6d1c-4b65-beb1-5dacf55e1bc6,2023-05-24 10:21:35.29681,,t,https://s3.amazonaws.com/uifaces/faces/twitter/lowie/128.jpg,FRONTEND,PASSED,Theme,2023-09-01 10:21:32.203587,,b5686d8d-52c3-4526-9839-0530597c8e91,9dc57278-cbda-4d77-8f94-020145747bda
c83449b1-9bd1-4034-96c2-bbe00f8a4be8,2023-05-24 10:21:35.30181,,t,https://s3.amazonaws.com/uifaces/faces/twitter/lingeswaran/128.jpg,FRONTEND,CANCELED,Theme,2023-06-20 10:21:32.203587,,b5686d8d-52c3-4526-9839-0530597c8e91,9dc57278-cbda-4d77-8f94-020145747bda
d785d6a1-76c0-436f-a700-4951e6ace2db,2023-05-24 10:21:35.384821,,t,https://s3.amazonaws.com/uifaces/faces/twitter/carlosblanco_eu/128.jpg,FRONTEND,TOBE,Theme,2023-09-10 10:21:32.203587,,70529a05-c27b-4bd8-bd77-91826678d3ae,12c3fcdc-28e6-4679-bdec-3f585f60241c
3546ac5c-de6a-4434-83df-5f46e37d83ab,2023-05-24 10:21:35.385839,,t,https://s3.amazonaws.com/uifaces/faces/twitter/batsirai/128.jpg,FRONTEND,PASSED,Theme,2024-01-29 10:21:32.203587,,70529a05-c27b-4bd8-bd77-91826678d3ae,12c3fcdc-28e6-4679-bdec-3f585f60241c
1bed691b-d1a4-4c56-a469-3e1518075464,2023-05-24 10:21:35.387802,,t,https://s3.amazonaws.com/uifaces/faces/twitter/n_tassone/128.jpg,FRONTEND,CANCELED,Theme,2024-01-18 10:21:32.203587,,70529a05-c27b-4bd8-bd77-91826678d3ae,12c3fcdc-28e6-4679-bdec-3f585f60241c
8d891b6f-9f56-4c40-8066-9520a4657cac,2023-05-24 10:21:35.469798,,t,https://s3.amazonaws.com/uifaces/faces/twitter/envex/128.jpg,FRONTEND,TOBE,Theme,2024-04-05 10:21:32.203587,,bed083d9-b90d-4d59-a2e3-303140a3765e,b2e70edb-535c-47ff-b26d-2aaa03cbeb29
e050adf0-fa9a-4224-935a-e98b568adee4,2023-05-24 10:21:35.471799,,t,https://s3.amazonaws.com/uifaces/faces/twitter/desastrozo/128.jpg,FRONTEND,PASSED,Theme,2024-01-05 10:21:32.203587,,bed083d9-b90d-4d59-a2e3-303140a3765e,b2e70edb-535c-47ff-b26d-2aaa03cbeb29
b042333e-e6f9-489f-8a61-39e417399ea3,2023-05-24 10:21:35.473798,,t,https://s3.amazonaws.com/uifaces/faces/twitter/smaczny/128.jpg,FRONTEND,CANCELED,Theme,2023-08-16 10:21:32.203587,,bed083d9-b90d-4d59-a2e3-303140a3765e,b2e70edb-535c-47ff-b26d-2aaa03cbeb29
689bcc6d-b2bf-4fbb-981b-5c1dacf0a4fc,2023-05-24 10:21:35.555831,,t,https://s3.amazonaws.com/uifaces/faces/twitter/jayrobinson/128.jpg,FRONTEND,TOBE,Theme,2023-07-09 10:21:32.203587,,80a1ca85-9f9f-4969-9cc7-0092344d5340,2b6388c6-f0c0-46b8-b590-09b56b0dbaf9
a48f50cb-7b61-4b33-8178-6b335350b67c,2023-05-24 10:21:35.56081,,t,https://s3.amazonaws.com/uifaces/faces/twitter/chrismj83/128.jpg,FRONTEND,PASSED,Theme,2023-11-02 10:21:32.203587,,80a1ca85-9f9f-4969-9cc7-0092344d5340,2b6388c6-f0c0-46b8-b590-09b56b0dbaf9
0b1f6e0b-f1fd-4918-88a1-13deb897249a,2023-05-24 10:21:35.562804,,t,https://s3.amazonaws.com/uifaces/faces/twitter/VinThomas/128.jpg,FRONTEND,CANCELED,Theme,2023-11-20 10:21:32.203587,,80a1ca85-9f9f-4969-9cc7-0092344d5340,2b6388c6-f0c0-46b8-b590-09b56b0dbaf9
21f6d5a2-757d-4a25-a4fa-c451976a4760,2023-05-24 10:21:35.645808,,t,https://s3.amazonaws.com/uifaces/faces/twitter/snowshade/128.jpg,FRONTEND,TOBE,Theme,2023-08-29 10:21:32.203587,,03d82343-0e1b-4e25-9186-4620a0e6b34d,7d93496e-c314-474c-a667-fc10c4710fc5
0a67e133-3ee5-436a-9729-0c8981f67f9e,2023-05-24 10:21:35.649803,,t,https://s3.amazonaws.com/uifaces/faces/twitter/antonyzotov/128.jpg,FRONTEND,PASSED,Theme,2023-08-15 10:21:32.203587,,03d82343-0e1b-4e25-9186-4620a0e6b34d,7d93496e-c314-474c-a667-fc10c4710fc5
d7f80a9e-0085-4307-bc90-ac333c154729,2023-05-24 10:21:35.651811,,t,https://s3.amazonaws.com/uifaces/faces/twitter/jerrybai1907/128.jpg,FRONTEND,CANCELED,Theme,2023-11-26 10:21:32.203587,,03d82343-0e1b-4e25-9186-4620a0e6b34d,7d93496e-c314-474c-a667-fc10c4710fc5
2e680907-f06b-479c-b996-27020a53ee27,2023-05-24 10:21:35.736811,,t,https://s3.amazonaws.com/uifaces/faces/twitter/fjaguero/128.jpg,FRONTEND,TOBE,Theme,2023-08-14 10:21:32.203587,,28470b80-ac7c-4235-ab79-b29e4be94409,2ad8fe9a-adca-489b-ab0b-9969aeb23f0e
5ad7f0a1-aead-4e7a-ba32-79b70c0e7677,2023-05-24 10:21:35.738803,,t,https://s3.amazonaws.com/uifaces/faces/twitter/benjamin_knight/128.jpg,FRONTEND,PASSED,Theme,2023-11-23 10:21:32.203587,,28470b80-ac7c-4235-ab79-b29e4be94409,2ad8fe9a-adca-489b-ab0b-9969aeb23f0e
7de8456e-0863-4128-806b-1c99a6d65fcb,2023-05-24 10:21:35.740808,,t,https://s3.amazonaws.com/uifaces/faces/twitter/buryaknick/128.jpg,FRONTEND,CANCELED,Theme,2023-09-14 10:21:32.203587,,28470b80-ac7c-4235-ab79-b29e4be94409,2ad8fe9a-adca-489b-ab0b-9969aeb23f0e
7e561e9a-f59e-413d-9fcb-6b4170bfab64,2023-05-24 10:21:35.826812,,t,https://s3.amazonaws.com/uifaces/faces/twitter/kalmerrautam/128.jpg,FRONTEND,TOBE,Theme,2023-11-26 10:21:32.203587,,6695d57e-f25a-4512-ad98-ad67050507b3,39722a4d-e7de-476c-b017-fe16c315c444
f30397ec-5429-44aa-993d-df2f0c350323,2023-05-24 10:21:35.828813,,t,https://s3.amazonaws.com/uifaces/faces/twitter/vj_demien/128.jpg,FRONTEND,PASSED,Theme,2023-10-25 10:21:32.203587,,6695d57e-f25a-4512-ad98-ad67050507b3,39722a4d-e7de-476c-b017-fe16c315c444
5e89d733-7c94-47a5-8655-47df080f98a8,2023-05-24 10:21:35.830809,,t,https://s3.amazonaws.com/uifaces/faces/twitter/bruno_mart/128.jpg,FRONTEND,CANCELED,Theme,2024-04-19 10:21:32.203587,,6695d57e-f25a-4512-ad98-ad67050507b3,39722a4d-e7de-476c-b017-fe16c315c444
10c306b7-7fd0-45b9-8c79-b0226b66c5c4,2023-05-24 10:21:35.916804,,t,https://s3.amazonaws.com/uifaces/faces/twitter/wintopia/128.jpg,FRONTEND,TOBE,Theme,2023-08-26 10:21:32.203587,,76cf7937-a78a-4e4d-9d14-5cd01254ed71,f4359a87-b0fe-46a2-93cd-52c6f57f2478
07e40b81-07ce-4340-bd9c-d4d1da3c952e,2023-05-24 10:21:35.918805,,t,https://s3.amazonaws.com/uifaces/faces/twitter/sangdth/128.jpg,FRONTEND,PASSED,Theme,2023-08-07 10:21:32.203587,,76cf7937-a78a-4e4d-9d14-5cd01254ed71,f4359a87-b0fe-46a2-93cd-52c6f57f2478
ce8ffe32-2c47-49eb-9c79-6f08bcbf50f5,2023-05-24 10:21:35.920801,,t,https://s3.amazonaws.com/uifaces/faces/twitter/marakasina/128.jpg,FRONTEND,CANCELED,Theme,2024-01-08 10:21:32.203587,,76cf7937-a78a-4e4d-9d14-5cd01254ed71,f4359a87-b0fe-46a2-93cd-52c6f57f2478
c7892930-c44c-4b69-b319-ee44bf3b03b5,2023-05-24 10:21:36.003812,,t,https://s3.amazonaws.com/uifaces/faces/twitter/leemunroe/128.jpg,FRONTEND,TOBE,Theme,2024-02-02 10:21:32.203587,,36cb4abc-6667-40f8-a622-eb6e1782daf0,209aaac1-55e3-48fd-b165-0cbbb66a5f94
93732741-0035-4344-b4a3-0d73f3aaa0bb,2023-05-24 10:21:36.005805,,t,https://s3.amazonaws.com/uifaces/faces/twitter/ryankirkman/128.jpg,FRONTEND,PASSED,Theme,2023-10-01 10:21:32.203587,,36cb4abc-6667-40f8-a622-eb6e1782daf0,209aaac1-55e3-48fd-b165-0cbbb66a5f94
c27b936d-0e59-474a-8647-e14171559e29,2023-05-24 10:21:36.00881,,t,https://s3.amazonaws.com/uifaces/faces/twitter/rahmeen/128.jpg,FRONTEND,CANCELED,Theme,2024-02-23 10:21:32.203587,,36cb4abc-6667-40f8-a622-eb6e1782daf0,209aaac1-55e3-48fd-b165-0cbbb66a5f94
2d15cb99-8934-4b79-8625-c04866adb374,2023-05-24 10:21:36.09681,,t,https://s3.amazonaws.com/uifaces/faces/twitter/nicolasfolliot/128.jpg,FRONTEND,TOBE,Theme,2023-12-05 10:21:32.203587,,4642c9b6-e01e-4f1e-9cd5-72f43985a4b6,4326b296-39f4-4fa3-88e4-0645800123ca
1f071f93-8e52-4ecc-ac97-2000f17530bc,2023-05-24 10:21:36.100832,,t,https://s3.amazonaws.com/uifaces/faces/twitter/arpitnj/128.jpg,FRONTEND,PASSED,Theme,2023-10-05 10:21:32.203587,,4642c9b6-e01e-4f1e-9cd5-72f43985a4b6,4326b296-39f4-4fa3-88e4-0645800123ca
aabc54c6-f0a8-48ba-b6d5-423840c9531f,2023-05-24 10:21:36.106803,,t,https://s3.amazonaws.com/uifaces/faces/twitter/nitinhayaran/128.jpg,FRONTEND,CANCELED,Theme,2023-10-06 10:21:32.203587,,4642c9b6-e01e-4f1e-9cd5-72f43985a4b6,4326b296-39f4-4fa3-88e4-0645800123ca
