uzr_id,uzr_avatar,create_time,delete_time,uzr_email,uzr_first_name,is_active,uzr_last_name,uzr_password,uzr_role,uzr_specialities,update_time
0e97e01f-2ac0-4e52-acd6-910c82218ca3,"https://sun9-80.userapi.com/s/v1/if1/q0n6zcy7y_KOUBqaeebG2tEldbEFsT8Q14Sl-JClhSUwtcOZqrFpEHb3XHu9LmrkxF7wacPs.jpg?size=200x200&quality=96&crop=82,82,656,656&ava=1",2023-05-24 10:21:32.413178,,admin2,Артём,f,Майоров,$2a$10$t742helesMRQ.G/6nanoPuUAcQXj44je9I/qgUc4Grx.6PxvdMA6a,ADMIN,FRONTEND,
c37e9646-7dd3-4755-bd36-b34db6dc1fef,https://tl.rulate.ru/i/addition/Book/162004/1620043/main_608fe3e3d315f.jpg,2023-05-24 10:21:32.522596,,admin4,Дима,f,Ленивый,$2a$10$3prTPruBWHhGKzWLY181T.hr7e0.yqi.a37oydvbc2B85IW4P.LYe,ADMIN,FRONTEND,
fab36610-f7dd-4e08-bb59-24d66e3590e8,https://i.ytimg.com/vi/p3aOgllm0ck/maxresdefault.jpg,2023-05-24 10:21:32.600714,,nagibator3000,Александр,f,Красавцев,$2a$10$hAc/Jhi6NcHspNZ77xhmKuUS5p8ACLAULt81tQK1L3KRGapAqU4Uu,ADMIN,FRONTEND,
46cacbb9-17a5-44c0-9b09-13e7aaf40fa7,https://i.ytimg.com/vi/p3aOgllm0ck/maxresdefault.jpg,2023-05-24 10:21:32.600714,,nagibator3000,Александр,f,Красавцев,$2a$10$hAc/Jhi6NcHspNZ77xhmKuUS5p8ACLAULt81tQK1L3KRGapAqU4Uu,ADMIN,FRONTEND,
95d78241-cfc8-42a8-a079-aba8cca6a231,,2023-05-24 10:21:32.785355,,phillip.mante@mail.ru,Marcell,t,Donnelly,$2a$10$W1tS8zOTzvOvBg1P6lkaNekErXWesWP8AsSMZjZruHyl88JVUoBnO,USER,FRONTEND,
32b98eba-dd84-40a5-8f3e-aac4402317b3,,2023-05-24 10:21:32.86347,,ruthie.kemmer@mail.ru,Luetta,t,Gutkowski,$2a$10$nObXV8Oh.GqKI9RdVy8nJ.uaQTm0MYdryOdZhTZz/4RzTqGlPvLTi,USER,FRONTEND,
02cb8289-2393-4823-b4ea-fd919115e4b1,,2023-05-24 10:21:32.941595,,ricki.parisian@mail.ru,Stephen,t,Jacobson,$2a$10$9O2Jqh8jKjJqitNEICdFMeGbq3G20VgioKgH1bJy3hUv9dVx5KvQe,USER,FRONTEND,
eb0c5138-d842-48a8-80a4-6b2feb98d074,,2023-05-24 10:21:33.01975,,hank.farrell@mail.ru,Lilliam,t,Rempel,$2a$10$A4IYCVWCrS.ga7wxRYRVk.oXJ8F2DZXxvljpPBFWs9b6eob6wd5i.,USER,FRONTEND,
582017a5-1634-4b2e-acb6-94031969f65d,,2023-05-24 10:21:33.097843,,beryl.lakin@mail.ru,Jennie,t,Feil,$2a$10$NFdWUM2W4Kpx1TGxthXz2eo0o8zDbqB9ySH0UxxjXq.PUjHxUWZJe,USER,FRONTEND,
feaa4a8c-eef8-4db4-a193-0face0fb3b52,,2023-05-24 10:21:33.175998,,matthew.mayert@mail.ru,Duncan,t,Streich,$2a$10$wGp4ksMbEV6isxVcDgnEr.IzzwT195B.uBDiRjtFy5/rN5lACoD/W,USER,FRONTEND,
11582d8a-98a2-4022-9731-7052f805a180,,2023-05-24 10:21:33.2591,,opal.daniel@mail.ru,Ben,t,Turcotte,$2a$10$NCmDJLiJxZpyxjTaFx/gwONZWfu03mKvtbUuIsQPOVz9i3ZYs0LQK,USER,FRONTEND,
50a6bc1a-7d4e-48b3-8745-be7f38e7a79c,,2023-05-24 10:21:33.325327,,fredda.koch@mail.ru,Ronald,t,Borer,$2a$10$Bm/3vVPEYeuGEVj.PMdhqOwSrmLBk8qz9sJ3b12Zw.OLxsMR6Laly,USER,FRONTEND,
7c511a60-5f6e-46b7-804a-987f47af5d45,,2023-05-24 10:21:33.403443,,samira.turcotte@mail.ru,Ryan,t,Raynor,$2a$10$9FNzR0A4qXt3aLJSGEZlEOudIr191RwF8rmEtHoX86EZbPZc55VCG,USER,FRONTEND,
827ec976-7c2d-4d08-8578-1e22c54e83be,,2023-05-24 10:21:33.481545,,jame.hane@mail.ru,Marcus,t,Swaniawski,$2a$10$EMEFu5a0HuAMHrwomCus9.WpRXKplcCrD7mmK.BxbbntJwukkxU7e,USER,FRONTEND,
5de71b63-cf8b-4f2b-b193-3cfafc8cd60e,,2023-05-24 10:21:33.559751,,florencia.bruen@mail.ru,Liberty,t,Ortiz,$2a$10$XuMWgZPBL0luTuaZcrYEXui0DGq0Ln4HPxBLi6QwZW2M3IInqcrCy,USER,FRONTEND,
9ce8bd13-d911-4387-b7a8-0aa91698a1f8,,2023-05-24 10:21:33.637827,,loralee.block@mail.ru,Fern,t,Abshire,$2a$10$McVNXxpcyZs5jyFwakEg6.zoLq0O95wbUF.IN/IrjeODWH22Cce8e,USER,FRONTEND,
90d2aa03-5618-4a66-a430-d84eba81b671,,2023-05-24 10:21:33.715971,,josh.thiel@mail.ru,Tanner,t,Cronin,$2a$10$ta11xP9BW6BvvhUVZvfY2.XG0hT6.GJTmmZ2usEQ3WVjVEDg0jJRG,USER,FRONTEND,
ee274578-691c-4519-a7e3-6b8d7a3ead45,,2023-05-24 10:21:33.794041,,julieta.metz@mail.ru,Bernardine,t,Huels,$2a$10$6j1AQuiKZGbPM.rZbkmJQ.CDx3LSs48oLS1jgdFHot21IvtUkqlvu,USER,FRONTEND,
606d50ec-73ca-44f7-b701-08f8cb42afba,,2023-05-24 10:21:33.872201,,debora.friesen@mail.ru,Lia,t,Langworth,$2a$10$Y/47lDEzcRiNwCIIthDBFeX4xkcroZUeIk4l/3a8B0NLWeBTSqTem,USER,FRONTEND,
77d63f24-2665-4813-94ec-8f38ce2cba20,,2023-05-24 10:21:33.950291,,reinaldo.schultz@mail.ru,Leon,t,White,$2a$10$RFOSxv2f35hhoPPlkQSVne4UrEMY5EXBsHDzdG/WQ.CbOSYMGOXZu,USER,FRONTEND,
98d507a1-7230-4b26-bcde-0ff28a7bf4de,,2023-05-24 10:21:34.012797,,ceola.stiedemann@mail.ru,Carolin,t,Simonis,$2a$10$Md2Os6JtYUN0eUS8kWrgKuri/s5rCKNlNabxkZA.Un5JKiw.emKnO,USER,FRONTEND,
9ecf0dce-4f4d-4a44-9dc3-cf166c975fe0,,2023-05-24 10:21:34.090958,,lewis.hayes@mail.ru,Tamekia,t,Hirthe,$2a$10$Fx05uA9J8L9BooiEvLx7/.A.ZkOJXY.sbAJLOQec1taYMTXPRPdDe,USER,FRONTEND,
71d4746e-e44a-4f77-91da-9ca73e0c4d6a,,2023-05-24 10:21:34.176464,,lindy.leannon@mail.ru,Long,t,Stiedemann,$2a$10$jF6w/A/fA0lw6/sDydPFkuxr26zz5MncBTOm47JDfnYC7NzYeWZrW,USER,FRONTEND,
a2606800-8a6a-4995-bc94-ca9ef3412348,,2023-05-24 10:21:34.238963,,ignacia.satterfield@mail.ru,Delorse,t,Ortiz,$2a$10$Fb4CN2YUiEu5DvFQG9l7V.QKta3F0Rh7YkU9hX41YPNx4h9Ftn7MW,USER,FRONTEND,
bde5c091-46bd-4d10-93a2-46c915537d47,,2023-05-24 10:21:34.324384,,vita.friesen@mail.ru,Mel,t,Franecki,$2a$10$iM.3c8M8e63sW9uV.nq/d.Y5MUkCJDVcYLv/GeLzeo3sooCeUekNu,USER,FRONTEND,
ff23652d-5b2a-47ee-b518-13501a73121a,,2023-05-24 10:21:34.402599,,cassie.bruen@mail.ru,Loria,t,Rosenbaum,7d1f1e2f7bbd27f147078b2465a51ff9dd4eb09d73dd37ac8e7188a8af2f05edf965bdcc3c55cb00fc913963a87344735f3d5875c171b6d8720d0bc9f0415841,USER,FRONTEND,
569d84bb-a80c-402c-bf0f-92deca10003a,,2023-05-24 10:21:34.433723,,kyle.willms@mail.ru,Reinaldo,t,Kub,$2a$10$gBm8w5yI0K7ZSQTMToY4KOkkmHnAKnBGadrKWGtiZPXnNWmGNiX/i,USER,FRONTEND,
4b013e47-d616-4210-bc83-b206417571f3,,2023-05-24 10:21:34.511855,,micheal.dickens@mail.ru,Jude,t,Cassin,b522365cd8a24128b40315766ce4a6157a8eb3f2b85e3721e3abcb60b1dd459a16e8615ffba11a64aa73ab0d60d4c5efc67b0d7727ec2f18faf9fff8d4f12164,USER,FRONTEND,
7e6f13f5-d57a-479d-b49d-de57860ea0c2,,2023-05-24 10:21:34.527472,,shantelle.wintheiser@mail.ru,Emmitt,t,Jast,$2a$10$Ov4MdOImFKkAlm39Xh3mge6xZJDRCMOlcmNipwiURMaiHe28EUMB6,USER,FRONTEND,
c959af47-09d0-4e55-90be-3ce4f3d94131,,2023-05-24 10:21:34.590009,,destiny.mcclure@mail.ru,Avery,t,Wolf,83e799334ab56eed9e0fae0f936156b081cd99361b9296c4f18cd355c74a730430ea0fe90215a5c3d749dbf085b3527194c2154db6b4cd0e9b407e59c0196dac,USER,FRONTEND,
9d84d21d-fd26-41ce-baef-6124f8441b86,,2023-05-24 10:21:34.6056,,ileen.fritsch@mail.ru,Genoveva,t,Nicolas,$2a$10$3YzAA4mh2h1lEEdLlIDbo.Y4vgiVT7F7Che55LbIJBvAiJ4K/q3Tu,USER,FRONTEND,
bbc7fa17-8d11-48f4-a16c-ec3624c0259f,,2023-05-24 10:21:34.687266,,doyle.torphy@mail.ru,Merle,t,Homenick,803d3913d80f627b258072b4490c3e247199096b01c7cfc8bd16af66fe250d9f98f06bf4a9e940018de45a6f95c6cb53e0d8a961e99e64ae4e9627c60b23a48a,USER,FRONTEND,
00db3210-8bf6-463f-a535-434292f71568,,2023-05-24 10:21:34.702883,,lenna.wehner@mail.ru,Kurtis,t,Miller,$2a$10$Gy4jsmjpIYfTF3T1YmOvFOdTveO51ovikQNLVgIlNc212NSk9IzLO,USER,FRONTEND,
a817ca03-db89-4737-baf9-37cd4c413486,,2023-05-24 10:21:34.781029,,allen.wilkinson@mail.ru,Tiffany,t,Cremin,721f899edceb1c7f8cc39ae61a2fb36bd7d4d2bb918c568cf92f413febbe56d86e930d6a394c427970c302227f67693f7991991c420ef6bc35eb02fe3ef975ec,USER,FRONTEND,
dfd45c19-f93f-43ba-bf55-e9580bd91d48,,2023-05-24 10:21:34.781029,,londa.boyle@mail.ru,Genie,t,Ankunding,$2a$10$6RudXXMQ1j2IaTkfRGpBUObiu5IfLWqB/2SvwH91tq3ddPcj1lEE6,USER,FRONTEND,
453764d5-83e9-46de-9c3d-b049de5dae2e,,2023-05-24 10:21:34.859124,,justin.oconner@mail.ru,Lizeth,t,Stiedemann,24dc7e8d0c795c7b36b63a09117d9b5435d2c43a79a7c28121e221f00e52dd856e09465ffbdbbacaca20507c0f2004e1c97ee4d37703167e29f1fb2bcdc89631,USER,FRONTEND,
d3e0282a-e772-4f8b-ae62-0bd7c5480748,,2023-05-24 10:21:34.874756,,murray.stoltenberg@mail.ru,Rayna,t,Hand,$2a$10$7tZ8JtMmYQ7Wn0LmgCPu7uaDldsgOB9iXoKpkoXRkFem7b.7xjuhW,USER,FRONTEND,
311c7975-c5f9-4496-ae5e-3353e42ddc68,,2023-05-24 10:21:34.937255,,humberto.frami@mail.ru,Earnest,t,Romaguera,2ebbdee92c1d23f114cb6444d54dff70daaef024cc8f18d27d188983e920fe29a9bb272f47c48258bbbfbe690ccb71e75c24f686c438a0f233520194b1eb0b23,USER,FRONTEND,
f9d6e71f-07af-4d58-9871-a66576ee4b13,,2023-05-24 10:21:34.952875,,marget.reinger@mail.ru,Tameka,t,Stiedemann,$2a$10$49zz5MC2Y2A80vT5MnUE4.F5r8lntiRDos4YeqJDEvAggx7M5eTtm,USER,FRONTEND,
ca989db4-d96b-4724-878f-0d6ee49178e6,,2023-05-24 10:21:35.031041,,christinia.bartoletti@mail.ru,Cesar,t,Lebsack,7387ee6812c5109a476470964e03d0ff70e3c77f98a0dcf13434f37295dd36bf4e0021e6c539f3d6cc679468653e823b963bf0c43c8c5cbc8da710f275a913f4,USER,FRONTEND,
d5e56d45-fe78-4720-9d7b-80fbb2c2a308,,2023-05-24 10:21:35.031041,,elmer.mertz@mail.ru,Noel,t,Kuphal,$2a$10$Va8LYAUp3i1fktBGELtfMeek5uUP6jbyTMHlaGrhJ1fhGXK9THkrW,USER,FRONTEND,
ac175c2a-0983-4284-9741-af82ff154e3a,,2023-05-24 10:21:35.109161,,despina.schimmel@mail.ru,Renee,t,Kreiger,4ad6665a0a2a4453b8c655a1cad92f0fad31b67685202aa802103a76d6b964291e014f79f1608600cb86852fea2c1a3a2237815a9882fe708d414da4fc07c37d,USER,FRONTEND,
babce029-bdc5-4932-8fe1-5c6c3e0c204e,,2023-05-24 10:21:35.124781,,denny.okon@mail.ru,Alonzo,t,Lockman,$2a$10$FzI1fBbFMh2ZbnQeSzG4Iu01r6hZXzY29HpbsEhFArZDCcMw5tFga,USER,FRONTEND,
c048f33e-afdb-437c-83f9-5cc909e77373,,2023-05-24 10:21:35.202904,,marx.schuster@mail.ru,Aurelia,t,Wisoky,ee4c7879da056611b59500705cb448467f3cbcc43482b1524f65ca0f667de51d5ebfdf95bf4bdfad3a748138573df831d7cce6e1b89768186c511c4f5097d520,USER,FRONTEND,
b5686d8d-52c3-4526-9839-0530597c8e91,,2023-05-24 10:21:35.202904,,tomas.okuneva@mail.ru,Bok,t,Mann,$2a$10$NMZ.O/1M.V1DnH3vdxY1KOoxQrXw6TCLc0OvmnPAkiBM9YJmVDrLq,USER,FRONTEND,
9dc57278-cbda-4d77-8f94-020145747bda,,2023-05-24 10:21:35.290821,,harry.oconner@mail.ru,Jerald,t,Stamm,3530eda992ae1be083115d7a2cdd3b3797b402b5d3ead3b4ee6db35afccdb2e51070af52f1b9ed7073f9f205908a86d54d5058c3f99ff4342667ebaa60ebc3eb,USER,FRONTEND,
70529a05-c27b-4bd8-bd77-91826678d3ae,,2023-05-24 10:21:35.303803,,erich.bode@mail.ru,Maryalice,t,Zulauf,$2a$10$ObLMaQ2WbqNjEGuqgCiKnebm4SCOmBmoYkb6NtCEKfkqwQnwl1RWe,USER,FRONTEND,
12c3fcdc-28e6-4679-bdec-3f585f60241c,,2023-05-24 10:21:35.382818,,orlando.reichert@mail.ru,Nicky,t,Frami,1e4fa7cc379d77e55179ae20e1501ca9e369c4f39f099d4cf748e43744f38357ab7797fd9cbe8b5c4ee555211aa3b9503c64569e8aecea497f582e713780d19c,USER,FRONTEND,
bed083d9-b90d-4d59-a2e3-303140a3765e,,2023-05-24 10:21:35.390809,,abdul.waters@mail.ru,Cary,t,Ernser,$2a$10$NAmXBnbmqGj8blfRiDdcQuFZllTv5WOyLbNxeXW9Q1893FoXBVkby,USER,FRONTEND,
b2e70edb-535c-47ff-b26d-2aaa03cbeb29,,2023-05-24 10:21:35.468805,,warner.doyle@mail.ru,Bernie,t,Ferry,5abb5ab0b786dbe7dda5436015d4d1f62ea461ee9e7154b97f76821d5a1eaa072a1356870e5badec02dc2be27a7daa48734379a53a6b3bab2ec7410522d581d0,USER,FRONTEND,
80a1ca85-9f9f-4969-9cc7-0092344d5340,,2023-05-24 10:21:35.475798,,thanh.grady@mail.ru,Clarence,t,Glover,$2a$10$LPBvJIcl3xwwnu7m.SQ/KeO2/BO89zlo4IeyfMNEBQY7JLs9Z12IK,USER,FRONTEND,
2b6388c6-f0c0-46b8-b590-09b56b0dbaf9,,2023-05-24 10:21:35.552812,,marisha.kuvalis@mail.ru,Carlos,t,Wolff,1e3c15a753db3b0d79c1154e19e75ca668e72610464d47e41ceda06e3c13eba345c230c4748c2d6cf0f23019493f4dbc343a30e30535ddddb747cd72c656597,USER,FRONTEND,
03d82343-0e1b-4e25-9186-4620a0e6b34d,,2023-05-24 10:21:35.564806,,emmitt.kunde@mail.ru,Cleveland,t,Koss,$2a$10$7zX/2bZZ.IT34lI7zvL6i.TZCsfWhHdgqWTyHjIoPK5K8KjyTR0kC,USER,FRONTEND,
7d93496e-c314-474c-a667-fc10c4710fc5,,2023-05-24 10:21:35.644802,,lani.pagac@mail.ru,Bart,t,Ratke,3857ed530b162f90dd1085489c35531e86c13a5d37e7853ef86caab19b5ca33debf49595443ecd0aadcc12467a94c2d4cbcc76e689a23e30b0f497a07a4ac208,USER,FRONTEND,
28470b80-ac7c-4235-ab79-b29e4be94409,,2023-05-24 10:21:35.655803,,oda.franecki@mail.ru,Isaiah,t,Dach,$2a$10$LBl7xvEW.UzfvyFa.aUZdepwyBfDx5cKfyF3nZ8pLIVkQFTmYogAW,USER,FRONTEND,
2ad8fe9a-adca-489b-ab0b-9969aeb23f0e,,2023-05-24 10:21:35.734805,,nick.toy@mail.ru,Leonarda,t,Vandervort,99572c6261833d8ee6101e2f0d8287d7425480fab1578cd2ca51119027a6cac643f9f75628b69afdde9760b2b5354bb07d7eb220f2622d221d5d752175c7b992,USER,FRONTEND,
6695d57e-f25a-4512-ad98-ad67050507b3,,2023-05-24 10:21:35.742805,,kimi.lynch@mail.ru,Lacie,t,Powlowski,$2a$10$H7jeSxkzINKjD02PYqtpR.1n9varQJX3eKB0bHptm8aAbQW8PX0Te,USER,FRONTEND,
39722a4d-e7de-476c-b017-fe16c315c444,,2023-05-24 10:21:35.824803,,emile.schultz@mail.ru,Kent,t,Bailey,beded68b5252ea9ad15deb635e7a817c25d7980fee52074f7a60ae783d33fe7e5dfc1d179e287cd18e54f0c0721261a969951fa41f8275f6759f6f16e4482ebc,USER,FRONTEND,
76cf7937-a78a-4e4d-9d14-5cd01254ed71,,2023-05-24 10:21:35.834811,,noah.schuppe@mail.ru,Otilia,t,Cummerata,$2a$10$lH8IHsLiACseIf3WeeUhO.jb6LD2nD9R32.a9lCpbImvUIBeTkEf6,USER,FRONTEND,
f4359a87-b0fe-46a2-93cd-52c6f57f2478,,2023-05-24 10:21:35.914797,,effie.bayer@mail.ru,Shelly,t,Kulas,71901274fe6c7509145dbfc85570cfeff156daf73186af46ab7872ecc6c40cc29ddfdbbfa27b4f5b9245e794af777ce91f031edbec2d82eece756e3bd96bc6ae,USER,FRONTEND,
36cb4abc-6667-40f8-a622-eb6e1782daf0,,2023-05-24 10:21:35.923809,,juliane.collier@mail.ru,Lizeth,t,Boyer,$2a$10$HtHGNUre6.b8XVTXaedJgukSk1k2rViHVskKa/sYXJ0N02X/P7ejS,USER,FRONTEND,
209aaac1-55e3-48fd-b165-0cbbb66a5f94,,2023-05-24 10:21:36.001813,,chi.gleichner@mail.ru,Ron,t,Lemke,f3e2a9e60881ac03e581161450e060cb9b6a7cf58da93daa1d4ec835b7ce123f915bca3126d82b1aa793c75b400fd24257d2da7d4789b391ac22130442c8c696,USER,FRONTEND,
4642c9b6-e01e-4f1e-9cd5-72f43985a4b6,,2023-05-24 10:21:36.010802,,antonia.hayes@mail.ru,Sasha,t,Kutch,$2a$10$UobgI726Ob39txvaJYZhOe3zAuLcdcC78PDiFuqglcb/xffEqEDj6,USER,FRONTEND,
4326b296-39f4-4fa3-88e4-0645800123ca,,2023-05-24 10:21:36.093802,,jarrod.bartoletti@mail.ru,Charley,t,Langworth,fa342a1f7c245e3db195d0fe36e0acc82959c1d31a181ff59ebafbb6e2b41b9ea91ffabaa5beac43d485b0caee7de766f15e7f407b90800d7906262dcf3a701b,USER,FRONTEND,
0b29ed2f-d2cf-4e83-948b-b9cbd2f2a5b3,https://cdn.kanobu.ru/c/9d4136be5e203d48b7aeb2a11a805056/270x200/cdn.kanobu.ru/articles/pics/tmp/images/2023/1/27/46743968-e2f1-496a-bb49-08b8110d68ac.jpg,2023-05-24 10:21:32.272554,,admin,Райан,f,Гослинг,$2a$10$r.U3hmhRrCj9Cius.k9CleL5cOGtjuEbgWSB.qvMgOlOJDOaK0gNu,ADMIN,,
